elapsed_seconds,distance_m,speed_mps
0.0,0.0,2.536
1.0,1.91,2.537
2.0,3.92,2.537
3.0,6.67,2.537
4.0,9.57,2.537
5.0,12.49,2.537
6.0,16.23,2.537
7.0,19.77,2.537
8.0,24.16,2.536
9.0,29.13,2.536
10.0,34.21,2.535
11.0,39.8,2.534
12.0,45.62,2.534
13.0,51.87,2.533
14.0,58.43,2.533
15.0,64.94,2.533
16.0,71.39,2.532
17.0,78.06,2.532
18.0,85.12,2.532
19.0,92.18,2.531
20.0,99.32,2.531
21.0,106.74,2.53
22.0,114.18,2.529
23.0,121.62,2.529
24.0,129.02,2.529
25.0,136.15,2.528
26.0,143.51,2.528
27.0,150.87,2.528
28.0,158.01,2.527
29.0,165.49,2.527
30.0,172.67,2.526
31.0,179.36,2.526
32.0,186.11,2.526
33.0,192.84,2.525
34.0,199.47,2.525
35.0,205.85,2.524
36.0,212.09,2.524
37.0,217.96,2.523
38.0,223.89,2.523
39.0,229.86,2.523
40.0,235.59,2.523
41.0,241.33,2.522
42.0,246.93,2.522
43.0,252.84,2.522
44.0,258.5,2.522
45.0,264.51,2.522
46.0,270.25,2.522
47.0,275.76,2.521
48.0,281.21,2.521
49.0,286.87,2.52
50.0,292.45,2.52
51.0,297.78,2.52
52.0,302.62,2.52
53.0,307.29,2.52
54.0,311.79,2.52
55.0,316.32,2.52
56.0,320.19,2.52
57.0,323.85,2.52
58.0,327.67,2.52
59.0,332.0,2.521
60.0,335.88,2.52
61.0,340.03,2.521
62.0,343.44,2.521
63.0,346.37,2.521
64.0,348.75,2.521
65.0,350.56,2.522
66.0,351.44,2.522
67.0,351.88,2.522
68.0,351.88,2.522
73.0,351.88,2.52
74.0,355.33,2.52
75.0,358.13,2.521
76.0,360.46,2.521
77.0,362.74,2.522
78.0,364.99,2.522
79.0,366.28,2.522
80.0,368.07,2.523
81.0,370.73,2.523
82.0,373.33,2.523
83.0,376.15,2.523
84.0,378.8,2.523
85.0,382.15,2.523
86.0,385.92,2.523
87.0,390.17,2.524
88.0,394.01,2.524
89.0,398.5,2.525
90.0,403.7,2.525
91.0,409.04,2.525
92.0,414.42,2.525
93.0,420.23,2.525
94.0,426.49,2.526
95.0,432.71,2.526
96.0,438.74,2.526
97.0,445.05,2.526
98.0,451.6,2.526
99.0,458.46,2.526
100.0,465.14,2.526
101.0,472.06,2.526
102.0,478.63,2.526
103.0,485.15,2.526
104.0,491.62,2.526
105.0,498.45,2.526
106.0,504.63,2.527
107.0,510.96,2.527
108.0,517.18,2.527
109.0,523.47,2.527
110.0,529.93,2.527
111.0,536.89,2.527
112.0,543.61,2.527
113.0,550.45,2.527
114.0,556.96,2.527
115.0,563.64,2.527
116.0,570.46,2.527
117.0,577.8,2.527
118.0,585.07,2.527
119.0,592.01,2.527
120.0,598.89,2.527
121.0,605.64,2.527
122.0,612.14,2.527
123.0,619.03,2.528
124.0,626.11,2.528
125.0,633.51,2.528
126.0,640.69,2.528
127.0,647.94,2.528
128.0,654.81,2.528
129.0,661.83,2.528
130.0,669.19,2.528
131.0,676.55,2.528
132.0,683.96,2.528
133.0,691.6,2.528
134.0,699.48,2.527
135.0,707.49,2.527
136.0,715.33,2.527
137.0,723.65,2.527
138.0,731.73,2.527
139.0,739.52,2.526
140.0,747.32,2.526
141.0,755.7,2.526
142.0,764.07,2.526
143.0,771.82,2.526
144.0,779.69,2.526
145.0,787.56,2.526
146.0,795.91,2.526
147.0,804.07,2.526
148.0,811.89,2.526
149.0,819.46,2.526
150.0,826.93,2.526
151.0,834.3,2.526
152.0,841.38,2.526
153.0,848.57,2.526
154.0,855.43,2.526
155.0,861.94,2.526
156.0,868.98,2.526
157.0,876.32,2.526
158.0,884.17,2.526
159.0,891.8,2.526
160.0,899.57,2.526
161.0,907.64,2.527
162.0,915.51,2.527
163.0,923.4,2.527
164.0,931.69,2.526
165.0,939.72,2.526
166.0,947.51,2.526
167.0,955.59,2.526
168.0,964.07,2.526
169.0,971.96,2.526
170.0,980.2,2.526
171.0,988.26,2.526
172.0,996.33,2.526
173.0,1003.68,2.526
174.0,1012.18,2.526
175.0,1020.47,2.526
176.0,1028.82,2.527
177.0,1036.7,2.527
178.0,1045.1,2.527
179.0,1053.12,2.527
180.0,1060.96,2.527
181.0,1069.45,2.528
182.0,1077.64,2.528
183.0,1085.72,2.528
184.0,1094.05,2.528
185.0,1102.43,2.529
186.0,1110.09,2.529
187.0,1118.3,2.529
188.0,1126.34,2.53
189.0,1134.22,2.53
190.0,1141.87,2.53
191.0,1149.82,2.53
192.0,1157.17,2.531
193.0,1164.63,2.531
194.0,1171.74,2.532
195.0,1179.08,2.532
196.0,1186.55,2.533
197.0,1193.92,2.533
198.0,1201.16,2.534
199.0,1208.5,2.535
200.0,1215.86,2.535
201.0,1223.3,2.536
202.0,1230.69,2.536
203.0,1237.77,2.537
204.0,1244.52,2.538
205.0,1251.46,2.538
206.0,1258.18,2.539
207.0,1265.19,2.539
208.0,1272.15,2.54
209.0,1279.5,2.54
210.0,1286.83,2.541
211.0,1294.33,2.541
212.0,1301.66,2.541
213.0,1308.88,2.541
214.0,1316.41,2.541
215.0,1324.02,2.541
216.0,1331.66,2.541
217.0,1339.0,2.541
218.0,1346.65,2.541
219.0,1354.5,2.541
220.0,1362.3,2.54
221.0,1370.47,2.54
222.0,1378.49,2.54
223.0,1386.54,2.539
224.0,1394.89,2.539
225.0,1403.2,2.538
226.0,1411.33,2.538
227.0,1419.54,2.537
228.0,1427.36,2.537
229.0,1435.52,2.536
230.0,1444.0,2.535
231.0,1452.17,2.535
232.0,1460.25,2.534
233.0,1468.78,2.533
234.0,1477.09,2.533
235.0,1485.38,2.533
236.0,1494.2,2.532
237.0,1502.99,2.531
238.0,1511.49,2.531
239.0,1520.19,2.53
240.0,1529.17,2.53
241.0,1538.5,2.529
242.0,1547.51,2.528
243.0,1556.44,2.528
244.0,1565.73,2.527
245.0,1574.73,2.527
246.0,1583.57,2.527
247.0,1592.45,2.527
248.0,1601.16,2.527
249.0,1609.55,2.527
250.0,1617.84,2.527
251.0,1626.03,2.527
252.0,1634.28,2.527
253.0,1642.15,2.527
254.0,1650.09,2.526
255.0,1658.02,2.526
256.0,1665.75,2.526
257.0,1673.92,2.526
258.0,1682.09,2.525
259.0,1690.24,2.525
260.0,1697.97,2.526
261.0,1705.91,2.526
262.0,1713.79,2.526
263.0,1722.04,2.526
264.0,1729.89,2.526
265.0,1738.19,2.526
266.0,1746.39,2.527
267.0,1754.51,2.527
268.0,1762.21,2.527
269.0,1769.9,2.526
270.0,1777.01,2.527
271.0,1783.06,2.527
272.0,1787.86,2.527
273.0,1791.25,2.527
274.0,1795.72,2.527
275.0,1800.44,2.527
276.0,1805.2,2.527
277.0,1810.46,2.527
278.0,1815.73,2.527
279.0,1821.42,2.527
280.0,1827.09,2.527
281.0,1833.34,2.527
282.0,1839.8,2.527
283.0,1846.07,2.527
284.0,1852.28,2.527
285.0,1858.88,2.526
286.0,1865.69,2.526
287.0,1872.39,2.526
288.0,1878.71,2.526
289.0,1885.54,2.526
290.0,1892.42,2.526
291.0,1899.17,2.526
292.0,1905.82,2.526
293.0,1912.59,2.526
294.0,1920.02,2.525
295.0,1926.88,2.525
296.0,1933.79,2.525
297.0,1941.3,2.525
298.0,1948.97,2.525
299.0,1956.51,2.525
300.0,1964.09,2.525
301.0,1972.23,2.526
302.0,1980.06,2.526
303.0,1987.8,2.526
304.0,1995.6,2.525
305.0,2003.32,2.525
306.0,2011.28,2.525
307.0,2019.17,2.525
308.0,2027.25,2.525
309.0,2035.07,2.525
310.0,2043.37,2.525
311.0,2051.55,2.525
312.0,2059.82,2.525
313.0,2067.98,2.525
314.0,2075.48,2.526
315.0,2083.15,2.526
316.0,2091.23,2.526
317.0,2099.82,2.526
318.0,2108.13,2.526
319.0,2116.04,2.526
320.0,2123.83,2.526
321.0,2132.14,2.526
322.0,2140.57,2.526
323.0,2148.77,2.526
324.0,2157.21,2.526
325.0,2165.48,2.526
326.0,2173.62,2.526
327.0,2181.45,2.526
328.0,2189.43,2.526
329.0,2197.87,2.526
330.0,2206.17,2.526
331.0,2214.26,2.526
332.0,2222.26,2.526
333.0,2230.45,2.526
334.0,2238.34,2.526
335.0,2246.55,2.526
336.0,2254.38,2.525
337.0,2262.76,2.525
338.0,2270.82,2.525
339.0,2278.61,2.525
340.0,2286.82,2.525
341.0,2294.93,2.525
342.0,2303.19,2.525
343.0,2310.68,2.525
344.0,2318.73,2.525
345.0,2326.84,2.525
346.0,2334.95,2.525
347.0,2343.35,2.525
348.0,2351.5,2.525
349.0,2359.38,2.525
350.0,2367.01,2.525
351.0,2375.27,2.525
352.0,2383.54,2.525
353.0,2391.62,2.525
354.0,2399.89,2.525
355.0,2407.54,2.525
356.0,2415.55,2.525
357.0,2423.47,2.524
358.0,2431.46,2.524
359.0,2439.42,2.524
360.0,2446.88,2.524
361.0,2454.84,2.524
362.0,2462.85,2.524
363.0,2471.33,2.524
364.0,2479.81,2.524
365.0,2488.09,2.524
366.0,2496.36,2.524
367.0,2504.73,2.524
368.0,2513.01,2.525
369.0,2521.31,2.525
370.0,2529.5,2.525
371.0,2537.51,2.525
372.0,2545.71,2.525
373.0,2553.89,2.525
374.0,2561.71,2.525
375.0,2569.45,2.525
376.0,2577.58,2.525
377.0,2585.31,2.525
378.0,2593.66,2.525
379.0,2601.67,2.525
380.0,2609.61,2.524
381.0,2617.9,2.524
382.0,2625.73,2.524
383.0,2634.4,2.524
384.0,2642.84,2.524
385.0,2650.96,2.524
386.0,2658.61,2.524
387.0,2666.53,2.523
388.0,2674.79,2.523
389.0,2682.99,2.523
390.0,2691.49,2.523
391.0,2699.21,2.523
392.0,2707.45,2.523
393.0,2715.9,2.523
394.0,2724.12,2.523
395.0,2731.98,2.523
396.0,2739.85,2.523
397.0,2747.84,2.523
398.0,2756.04,2.523
399.0,2764.04,2.523
400.0,2772.17,2.524
401.0,2780.39,2.524
402.0,2788.64,2.524
403.0,2796.5,2.524
404.0,2804.62,2.524
405.0,2812.9,2.524
406.0,2821.07,2.524
407.0,2829.11,2.524
408.0,2837.24,2.524
409.0,2845.66,2.524
410.0,2854.27,2.523
411.0,2863.26,2.523
412.0,2871.96,2.523
413.0,2879.96,2.523
414.0,2888.21,2.523
415.0,2895.81,2.523
416.0,2903.69,2.522
417.0,2911.37,2.522
418.0,2918.6,2.522
419.0,2924.92,2.522
420.0,2930.0,2.522
421.0,2935.21,2.522
422.0,2940.98,2.522
423.0,2947.09,2.522
424.0,2953.37,2.523
425.0,2960.1,2.523
426.0,2966.35,2.523
427.0,2973.58,2.522
428.0,2980.12,2.522
429.0,2986.81,2.522
430.0,2993.4,2.522
431.0,3000.72,2.522
432.0,3007.87,2.522
433.0,3014.85,2.522
434.0,3022.19,2.523
435.0,3029.5,2.523
436.0,3036.75,2.523
437.0,3044.03,2.524
438.0,3051.22,2.524
439.0,3058.7,2.525
440.0,3066.31,2.525
441.0,3073.8,2.526
442.0,3081.32,2.526
443.0,3088.95,2.526
444.0,3096.65,2.526
445.0,3103.93,2.526
446.0,3111.46,2.526
447.0,3119.19,2.526
448.0,3127.07,2.526
449.0,3135.03,2.527
450.0,3143.02,2.527
451.0,3150.86,2.527
452.0,3158.12,2.527
453.0,3166.2,2.528
454.0,3174.21,2.528
455.0,3181.76,2.528
456.0,3189.51,2.528
457.0,3197.73,2.529
458.0,3205.87,2.529
459.0,3214.42,2.529
460.0,3223.01,2.529
461.0,3231.14,2.529
462.0,3239.89,2.529
463.0,3248.49,2.529
464.0,3256.98,2.528
465.0,3265.72,2.528
466.0,3274.14,2.527
467.0,3283.06,2.527
468.0,3291.76,2.526
469.0,3300.71,2.526
470.0,3310.07,2.525
471.0,3318.9,2.525
472.0,3327.78,2.524
473.0,3336.88,2.524
474.0,3345.94,2.524
475.0,3354.8,2.523
476.0,3363.69,2.523
477.0,3372.69,2.522
478.0,3381.65,2.522
479.0,3390.94,2.522
480.0,3400.4,2.522
481.0,3409.8,2.522
482.0,3419.52,2.522
483.0,3428.81,2.522
484.0,3438.53,2.521
485.0,3447.67,2.521
486.0,3457.15,2.521
487.0,3466.4,2.521
488.0,3475.78,2.521
489.0,3485.43,2.52
490.0,3494.08,2.52
491.0,3503.52,2.52
492.0,3512.94,2.52
493.0,3522.39,2.52
494.0,3531.48,2.521
495.0,3540.3,2.521
496.0,3549.95,2.521
497.0,3559.7,2.521
498.0,3569.15,2.521
499.0,3578.95,2.521
500.0,3588.37,2.52
501.0,3597.73,2.52
502.0,3606.95,2.519
503.0,3616.45,2.519
504.0,3626.05,2.518
505.0,3635.73,2.518
506.0,3645.11,2.518
507.0,3654.97,2.518
508.0,3664.21,2.518
509.0,3673.66,2.518
510.0,3683.16,2.518
511.0,3692.44,2.518
512.0,3701.89,2.519
513.0,3711.18,2.519
514.0,3720.2,2.519
515.0,3729.28,2.519
516.0,3738.32,2.519
517.0,3747.32,2.518
518.0,3756.66,2.518
519.0,3766.16,2.518
520.0,3774.85,2.518
521.0,3783.93,2.517
522.0,3793.26,2.517
523.0,3802.37,2.517
524.0,3811.44,2.517
525.0,3820.66,2.517
526.0,3829.94,2.517
527.0,3838.73,2.517
528.0,3848.17,2.517
529.0,3857.18,2.517
530.0,3866.42,2.517
531.0,3875.82,2.517
532.0,3885.14,2.517
533.0,3894.36,2.517
534.0,3903.66,2.517
535.0,3912.91,2.516
536.0,3921.85,2.516
537.0,3930.76,2.516
538.0,3939.52,2.516
539.0,3948.39,2.516
540.0,3957.07,2.516
541.0,3966.37,2.516
542.0,3975.27,2.515
543.0,3984.11,2.515
544.0,3992.88,2.515
545.0,4001.94,2.515
546.0,4011.05,2.515
547.0,4019.54,2.515
548.0,4028.23,2.515
549.0,4036.87,2.515
550.0,4045.31,2.515
551.0,4054.1,2.516
552.0,4062.86,2.516
553.0,4072.21,2.516
554.0,4081.22,2.516
555.0,4089.6,2.516
556.0,4098.12,2.516
557.0,4106.71,2.516
558.0,4114.73,2.516
559.0,4123.15,2.515
560.0,4131.48,2.516
561.0,4140.54,2.516
562.0,4149.07,2.516
563.0,4157.37,2.516
564.0,4165.93,2.517
565.0,4174.37,2.517
566.0,4182.49,2.517
567.0,4190.76,2.517
568.0,4199.1,2.517
569.0,4207.5,2.518
570.0,4215.98,2.518
571.0,4224.65,2.518
572.0,4233.0,2.518
573.0,4241.56,2.518
574.0,4250.23,2.517
575.0,4259.05,2.517
576.0,4267.62,2.517
577.0,4276.18,2.518
578.0,4284.66,2.518
579.0,4292.76,2.518
580.0,4300.67,2.518
581.0,4308.52,2.519
582.0,4315.95,2.518
583.0,4323.69,2.519
584.0,4331.38,2.519
585.0,4338.94,2.519
586.0,4346.38,2.519
587.0,4353.83,2.519
588.0,4361.35,2.519
589.0,4368.53,2.518
590.0,4376.13,2.518
591.0,4383.6,2.518
592.0,4391.22,2.518
593.0,4398.31,2.518
594.0,4405.47,2.518
595.0,4413.3,2.518
596.0,4420.97,2.518
597.0,4427.72,2.518
598.0,4435.02,2.519
599.0,4442.3,2.519
600.0,4449.84,2.52
601.0,4456.76,2.52
602.0,4464.02,2.521
603.0,4471.58,2.521
604.0,4479.39,2.521
605.0,4487.0,2.521
606.0,4494.62,2.522
607.0,4502.49,2.522
608.0,4510.38,2.522
609.0,4517.66,2.522
610.0,4525.23,2.522
611.0,4533.09,2.522
612.0,4540.87,2.521
613.0,4548.83,2.521
614.0,4556.62,2.521
615.0,4564.29,2.521
616.0,4571.73,2.521
617.0,4579.26,2.521
618.0,4586.88,2.521
619.0,4594.47,2.521
620.0,4602.48,2.521
621.0,4610.3,2.521
622.0,4617.75,2.521
623.0,4625.99,2.521
624.0,4634.62,2.521
625.0,4642.67,2.52
626.0,4650.67,2.52
627.0,4658.43,2.52
628.0,4666.73,2.52
629.0,4674.55,2.52
630.0,4682.41,2.52
631.0,4690.61,2.52
632.0,4698.82,2.52
633.0,4706.66,2.52
634.0,4714.44,2.52
635.0,4722.14,2.52
636.0,4730.45,2.521
637.0,4738.0,2.521
638.0,4746.68,2.521
639.0,4755.39,2.521
640.0,4763.98,2.522
641.0,4772.12,2.522
642.0,4780.13,2.522
643.0,4788.34,2.522
644.0,4796.48,2.522
645.0,4804.5,2.522
646.0,4812.34,2.522
647.0,4820.65,2.522
648.0,4828.56,2.522
649.0,4836.39,2.522
650.0,4844.44,2.522
651.0,4852.43,2.522
652.0,4860.18,2.522
653.0,4868.1,2.523
654.0,4875.45,2.523
655.0,4883.11,2.523
656.0,4890.32,2.523
657.0,4897.21,2.524
658.0,4904.37,2.524
659.0,4911.04,2.524
660.0,4917.69,2.523
661.0,4924.65,2.523
662.0,4931.77,2.523
663.0,4938.67,2.523
664.0,4945.62,2.523
665.0,4952.93,2.523
666.0,4960.4,2.523
667.0,4967.54,2.523
668.0,4975.24,2.523
669.0,4982.76,2.523
670.0,4989.94,2.524
671.0,4997.43,2.524
672.0,5004.92,2.524
673.0,5012.25,2.524
674.0,5019.65,2.524
675.0,5027.49,2.523
676.0,5034.97,2.523
677.0,5042.57,2.523
678.0,5050.22,2.523
679.0,5057.69,2.523
680.0,5065.52,2.523
681.0,5073.25,2.523
682.0,5081.16,2.523
683.0,5088.53,2.523
684.0,5096.08,2.523
685.0,5103.73,2.523
686.0,5111.4,2.523
687.0,5118.78,2.523
688.0,5126.38,2.523
689.0,5133.43,2.523
690.0,5141.0,2.523
691.0,5148.22,2.523
692.0,5155.26,2.523
693.0,5162.48,2.523
694.0,5169.7,2.523
695.0,5176.67,2.523
696.0,5183.36,2.524
697.0,5190.11,2.524
698.0,5196.68,2.525
699.0,5202.93,2.526
700.0,5209.43,2.527
701.0,5215.32,2.527
702.0,5221.33,2.528
703.0,5226.91,2.529
704.0,5233.0,2.53
705.0,5238.7,2.531
706.0,5244.05,2.531
707.0,5249.39,2.532
708.0,5254.45,2.533
709.0,5259.51,2.535
710.0,5264.28,2.535
711.0,5269.24,2.536
712.0,5273.8,2.537
713.0,5278.61,2.538
714.0,5283.46,2.539
715.0,5288.04,2.54
716.0,5292.89,2.54
717.0,5297.67,2.541
718.0,5302.23,2.541
719.0,5306.96,2.541
720.0,5311.18,2.542
721.0,5315.63,2.542
722.0,5319.91,2.543
723.0,5324.26,2.544
724.0,5328.83,2.545
725.0,5333.08,2.545
726.0,5337.02,2.546
727.0,5341.1,2.547
728.0,5345.57,2.547
729.0,5349.7,2.548
730.0,5353.73,2.548
731.0,5357.93,2.549
732.0,5361.98,2.549
733.0,5366.48,2.55
734.0,5370.91,2.55
735.0,5375.22,2.551
736.0,5379.84,2.551
737.0,5384.03,2.552
738.0,5388.55,2.552
739.0,5393.06,2.553
740.0,5397.67,2.553
741.0,5402.26,2.553
742.0,5407.0,2.553
743.0,5411.9,2.554
744.0,5416.76,2.554
745.0,5421.78,2.555
746.0,5426.84,2.556
747.0,5432.05,2.556
748.0,5437.47,2.556
749.0,5442.85,2.557
750.0,5448.26,2.557
751.0,5453.44,2.557
752.0,5458.69,2.557
753.0,5463.98,2.557
754.0,5469.44,2.558
755.0,5474.92,2.558
756.0,5480.43,2.559
757.0,5485.86,2.559
758.0,5491.38,2.559
759.0,5497.12,2.56
760.0,5502.94,2.56
761.0,5508.64,2.561
762.0,5514.63,2.561
763.0,5520.75,2.561
764.0,5526.96,2.562
765.0,5533.18,2.562
766.0,5539.52,2.562
767.0,5546.11,2.563
768.0,5552.84,2.563
769.0,5559.75,2.563
770.0,5566.52,2.562
771.0,5573.65,2.562
772.0,5580.76,2.562
773.0,5588.21,2.561
774.0,5595.63,2.561
775.0,5603.06,2.56
776.0,5610.57,2.56
777.0,5618.54,2.56
778.0,5626.33,2.559
779.0,5634.47,2.559
780.0,5642.4,2.558
781.0,5650.58,2.557
782.0,5658.6,2.556
783.0,5666.87,2.556
784.0,5674.95,2.554
785.0,5683.35,2.553
786.0,5691.59,2.552
787.0,5699.8,2.551
788.0,5708.01,2.55
789.0,5716.62,2.549
790.0,5725.25,2.548
791.0,5733.88,2.547
792.0,5742.65,2.546
793.0,5751.78,2.544
794.0,5760.73,2.543
795.0,5769.56,2.542
796.0,5778.65,2.541
797.0,5787.72,2.54
798.0,5797.0,2.539
799.0,5806.35,2.538
800.0,5815.57,2.537
801.0,5825.11,2.535
802.0,5834.67,2.534
803.0,5844.22,2.533
804.0,5853.7,2.531
805.0,5863.18,2.53
806.0,5872.74,2.53
807.0,5882.05,2.529
808.0,5890.89,2.528
809.0,5898.49,2.528
810.0,5903.72,2.527
811.0,5906.93,2.527
812.0,5908.79,2.527
813.0,5910.26,2.527
814.0,5912.02,2.528
815.0,5913.55,2.527
816.0,5915.31,2.527
817.0,5917.09,2.528
818.0,5918.5,2.528
819.0,5920.18,2.527
820.0,5921.37,2.527
821.0,5921.37,2.526
822.0,5921.39,2.527
827.0,5921.39,2.526
828.0,5923.24,2.526
829.0,5925.83,2.525
830.0,5928.57,2.525
831.0,5931.65,2.524
832.0,5934.86,2.524
833.0,5937.97,2.524
834.0,5940.91,2.524
835.0,5944.03,2.524
836.0,5947.02,2.524
837.0,5949.31,2.524
838.0,5951.3,2.524
839.0,5952.94,2.525
840.0,5953.95,2.525
841.0,5955.3,2.526
842.0,5956.92,2.526
843.0,5958.53,2.526
844.0,5959.79,2.525
845.0,5960.63,2.525
846.0,5961.36,2.525
847.0,5962.28,2.524
848.0,5962.28,2.524
853.0,5962.28,2.523
854.0,5963.65,2.522
855.0,5966.09,2.522
856.0,5968.98,2.522
857.0,5971.81,2.521
858.0,5976.66,2.521
859.0,5981.85,2.521
860.0,5986.94,2.521
861.0,5992.17,2.522
862.0,5998.54,2.522
863.0,6004.85,2.522
864.0,6011.44,2.522
865.0,6018.09,2.522
866.0,6024.78,2.522
867.0,6031.44,2.522
868.0,6038.52,2.523
869.0,6046.02,2.523
870.0,6053.15,2.523
871.0,6061.01,2.523
872.0,6068.57,2.524
873.0,6076.27,2.524
874.0,6084.18,2.524
875.0,6091.99,2.525
876.0,6099.51,2.526
877.0,6107.5,2.526
878.0,6115.96,2.525
879.0,6124.47,2.525
880.0,6133.19,2.524
881.0,6141.31,2.524
882.0,6149.11,2.524
883.0,6156.81,2.524
884.0,6164.54,2.525
885.0,6172.01,2.525
886.0,6180.22,2.525
887.0,6188.14,2.526
888.0,6195.47,2.526
889.0,6202.61,2.526
890.0,6209.23,2.527
891.0,6214.88,2.527
892.0,6220.23,2.527
893.0,6225.24,2.528
894.0,6230.59,2.529
895.0,6234.9,2.529
896.0,6240.07,2.529
897.0,6245.07,2.53
898.0,6250.94,2.53
899.0,6257.06,2.529
900.0,6262.86,2.529
901.0,6269.01,2.529
902.0,6274.87,2.528
903.0,6280.9,2.528
904.0,6287.26,2.527
905.0,6292.66,2.527
906.0,6298.2,2.527
907.0,6303.33,2.526
908.0,6307.41,2.526
909.0,6311.19,2.526
910.0,6314.35,2.527
911.0,6318.38,2.527
912.0,6322.61,2.527
913.0,6327.87,2.527
914.0,6333.33,2.526
915.0,6339.15,2.526
916.0,6344.88,2.526
917.0,6350.82,2.525
918.0,6356.29,2.525
919.0,6361.23,2.525
920.0,6365.48,2.525
921.0,6369.11,2.525
922.0,6371.76,2.526
923.0,6375.93,2.526
924.0,6379.19,2.526
925.0,6382.73,2.526
926.0,6386.63,2.526
927.0,6391.46,2.526
928.0,6395.27,2.525
929.0,6397.07,2.525
930.0,6398.68,2.525
931.0,6399.49,2.525
932.0,6400.33,2.525
933.0,6401.52,2.525
934.0,6402.55,2.525
935.0,6403.45,2.525
936.0,6404.45,2.525
937.0,6405.57,2.524
938.0,6407.22,2.524
939.0,6409.08,2.524
940.0,6411.5,2.524
941.0,6414.78,2.524
942.0,6417.62,2.524
943.0,6420.93,2.524
944.0,6423.75,2.524
945.0,6426.89,2.524
946.0,6430.0,2.524
947.0,6433.56,2.524
948.0,6436.63,2.524
949.0,6440.35,2.524
950.0,6444.0,2.524
951.0,6447.48,2.524
952.0,6451.11,2.524
953.0,6454.53,2.524
954.0,6458.55,2.524
955.0,6462.48,2.524
956.0,6467.04,2.523
957.0,6471.83,2.523
958.0,6476.56,2.523
959.0,6481.82,2.523
960.0,6486.81,2.524
961.0,6492.14,2.524
962.0,6498.29,2.524
963.0,6503.4,2.524
964.0,6509.54,2.523
965.0,6516.15,2.523
966.0,6521.85,2.523
967.0,6528.1,2.523
968.0,6534.04,2.523
969.0,6540.13,2.524
970.0,6546.41,2.524
971.0,6552.21,2.524
972.0,6558.18,2.524
973.0,6564.18,2.524
974.0,6570.16,2.524
975.0,6575.73,2.524
976.0,6581.3,2.525
977.0,6586.23,2.525
978.0,6591.91,2.525
979.0,6597.49,2.525
980.0,6602.99,2.525
981.0,6608.49,2.525
982.0,6613.18,2.526
983.0,6616.51,2.526
984.0,6621.13,2.526
985.0,6625.23,2.526
986.0,6629.88,2.526
987.0,6634.19,2.526
988.0,6639.72,2.526
989.0,6644.81,2.526
990.0,6650.32,2.526
991.0,6655.85,2.526
992.0,6661.39,2.526
993.0,6666.96,2.526
994.0,6672.43,2.526
995.0,6678.78,2.526
996.0,6684.77,2.526
997.0,6690.99,2.526
998.0,6697.36,2.526
999.0,6703.64,2.526
1000.0,6709.63,2.525
1001.0,6715.66,2.525
1002.0,6721.77,2.524
1003.0,6728.06,2.525
1004.0,6733.69,2.525
1005.0,6739.28,2.525
1006.0,6744.41,2.525
1007.0,6749.34,2.525
1008.0,6754.57,2.525
1009.0,6761.13,2.525
1010.0,6769.62,2.524
1011.0,6777.54,2.524
1012.0,6784.6,2.524
1013.0,6791.07,2.524
1014.0,6796.96,2.524
1015.0,6802.9,2.525
1016.0,6808.72,2.525
1017.0,6815.05,2.526
1018.0,6820.81,2.526
1019.0,6827.11,2.526
1020.0,6833.67,2.526
1021.0,6840.09,2.527
1022.0,6846.49,2.527
1023.0,6852.86,2.527
1024.0,6858.67,2.528
1025.0,6864.41,2.528
1026.0,6870.09,2.528
1027.0,6875.74,2.529
1028.0,6881.4,2.528
1029.0,6887.17,2.528
1030.0,6893.19,2.528
1031.0,6899.65,2.527
1032.0,6906.26,2.527
1033.0,6912.41,2.526
1034.0,6918.75,2.525
1035.0,6924.84,2.525
1036.0,6930.49,2.524
1037.0,6936.05,2.524
1038.0,6941.78,2.524
1039.0,6947.46,2.524
1040.0,6952.53,2.524
1041.0,6957.91,2.524
1042.0,6963.23,2.524
1043.0,6968.64,2.524
1044.0,6973.93,2.524
1045.0,6979.22,2.524
1046.0,6984.84,2.523
1047.0,6990.34,2.523
1048.0,6996.16,2.523
1049.0,7001.09,2.523
1050.0,7005.99,2.523
1051.0,7011.0,2.523
1052.0,7015.11,2.522
1053.0,7019.01,2.522
1054.0,7022.49,2.523
1055.0,7026.16,2.522
1056.0,7030.06,2.523
1057.0,7034.07,2.523
1058.0,7038.31,2.523
1059.0,7042.71,2.523
1060.0,7047.78,2.523
1061.0,7052.79,2.523
1062.0,7058.1,2.523
1063.0,7063.64,2.523
1064.0,7069.69,2.523
1065.0,7075.79,2.523
1066.0,7081.78,2.522
1067.0,7088.05,2.522
1068.0,7094.41,2.522
1069.0,7100.73,2.521
1070.0,7106.61,2.521
1071.0,7112.37,2.521
1072.0,7118.16,2.521
1073.0,7123.74,2.521
1074.0,7129.28,2.522
1075.0,7134.85,2.522
1076.0,7140.27,2.522
1077.0,7145.58,2.523
1078.0,7150.56,2.523
1079.0,7155.43,2.523
1080.0,7160.59,2.523
1081.0,7164.68,2.523
1082.0,7169.35,2.523
1083.0,7173.41,2.524
1084.0,7177.62,2.523
1085.0,7181.66,2.524
1086.0,7186.03,2.524
1087.0,7190.08,2.524
1088.0,7193.93,2.524
1089.0,7197.45,2.524
1090.0,7201.0,2.524
1091.0,7204.98,2.524
1092.0,7208.86,2.524
1093.0,7212.34,2.525
1094.0,7216.05,2.525
1095.0,7220.02,2.525
1096.0,7224.14,2.525
1097.0,7228.45,2.525
1098.0,7232.23,2.526
1099.0,7236.46,2.526
1100.0,7241.19,2.526
1101.0,7245.63,2.526
1102.0,7250.32,2.526
1103.0,7254.74,2.527
1104.0,7259.5,2.527
1105.0,7264.61,2.527
1106.0,7269.92,2.527
1107.0,7275.17,2.527
1108.0,7280.1,2.527
1109.0,7285.25,2.528
1110.0,7290.4,2.528
1111.0,7295.25,2.528
1112.0,7300.07,2.528
1113.0,7305.22,2.528
1114.0,7309.93,2.528
1115.0,7314.87,2.527
1116.0,7320.33,2.527
1117.0,7324.99,2.527
1118.0,7330.03,2.526
1119.0,7335.51,2.526
1120.0,7340.94,2.526
1121.0,7346.34,2.526
1122.0,7351.62,2.525
1123.0,7357.29,2.525
1124.0,7363.05,2.524
1125.0,7368.66,2.524
1126.0,7373.75,2.524
1127.0,7379.3,2.524
1128.0,7385.28,2.523
1129.0,7390.64,2.523
1130.0,7396.41,2.523
1131.0,7402.54,2.523
1132.0,7408.75,2.523
1133.0,7414.61,2.523
1134.0,7420.5,2.523
1135.0,7426.58,2.522
1136.0,7432.44,2.522
1137.0,7438.14,2.522
1138.0,7443.68,2.522
1139.0,7449.13,2.522
1140.0,7454.32,2.522
1141.0,7459.34,2.522
1142.0,7464.59,2.522
1143.0,7469.43,2.522
1144.0,7474.0,2.522
1145.0,7478.14,2.523
1146.0,7481.49,2.523
1147.0,7484.32,2.523
1148.0,7487.0,2.523
1149.0,7489.55,2.523
1150.0,7491.9,2.522
1151.0,7493.44,2.522
1152.0,7495.07,2.522
1153.0,7496.73,2.522
1154.0,7497.15,2.521
1155.0,7498.13,2.521
1156.0,7498.46,2.523
1161.0,7498.46,2.522
1162.0,7500.16,2.522
1163.0,7501.96,2.522
1164.0,7505.04,2.522
1165.0,7508.26,2.523
1166.0,7511.87,2.523
1167.0,7515.21,2.523
1168.0,7518.82,2.523
1169.0,7523.04,2.523
1170.0,7527.17,2.523
1171.0,7532.03,2.523
1172.0,7536.31,2.523
1173.0,7539.34,2.524
1174.0,7541.79,2.524
1175.0,7543.57,2.525
1176.0,7545.9,2.526
1177.0,7548.58,2.526
1178.0,7552.42,2.526
1179.0,7556.48,2.526
1180.0,7559.84,2.526
1181.0,7563.43,2.526
1216.0,7826.9,2.526
1217.0,7829.02,2.525
1218.0,7838.31,2.525
1219.0,7847.04,2.524
1220.0,7854.14,2.523
1221.0,7861.38,2.523
1222.0,7867.95,2.524
1223.0,7874.35,2.525
1224.0,7880.64,2.526
1225.0,7887.26,2.527
1226.0,7893.9,2.528
1227.0,7899.92,2.529
1228.0,7906.52,2.53
1229.0,7912.68,2.531
1230.0,7919.38,2.532
1231.0,7925.1,2.533
1232.0,7931.05,2.535
1233.0,7936.95,2.536
1234.0,7943.02,2.537
1235.0,7949.24,2.537
1236.0,7955.07,2.538
1237.0,7960.75,2.539
1238.0,7966.59,2.54
1239.0,7972.24,2.541
1240.0,7977.85,2.542
1241.0,7983.0,2.543
1242.0,7988.18,2.544
1243.0,7993.54,2.544
1244.0,7998.84,2.545
1245.0,8004.08,2.546
1246.0,8008.63,2.546
1247.0,8013.55,2.547
1248.0,8018.61,2.547
1249.0,8023.67,2.548
1250.0,8028.75,2.548
1251.0,8034.05,2.548
1252.0,8039.37,2.547
1253.0,8045.24,2.547
1254.0,8051.14,2.547
1255.0,8057.06,2.547
1256.0,8063.11,2.546
1257.0,8068.96,2.546
1258.0,8074.86,2.546
1259.0,8080.8,2.545
1260.0,8086.9,2.545
1261.0,8093.05,2.544
1262.0,8099.04,2.544
1263.0,8105.17,2.543
1264.0,8111.51,2.543
1265.0,8117.55,2.542
1266.0,8124.03,2.541
1267.0,8130.57,2.541
1268.0,8137.41,2.54
1269.0,8144.4,2.539
1270.0,8151.45,2.539
1271.0,8158.89,2.538
1272.0,8166.3,2.538
1273.0,8173.63,2.537
1274.0,8180.77,2.536
1275.0,8188.13,2.535
1276.0,8194.96,2.535
1277.0,8201.82,2.534
1278.0,8208.39,2.535
1279.0,8214.77,2.535
1280.0,8220.94,2.536
1281.0,8226.98,2.536
1282.0,8232.97,2.536
1283.0,8238.94,2.537
1284.0,8244.86,2.537
1285.0,8251.1,2.537
1286.0,8257.21,2.537
1287.0,8263.16,2.536
1288.0,8269.4,2.536
1289.0,8275.86,2.535
1290.0,8282.43,2.534
1291.0,8289.16,2.533
1292.0,8296.01,2.532
1293.0,8302.92,2.531
1294.0,8310.05,2.53
1295.0,8317.33,2.529
1296.0,8324.22,2.528
1297.0,8330.96,2.528
1298.0,8337.94,2.527
1299.0,8344.62,2.527
1300.0,8351.23,2.527
1301.0,8357.81,2.528
1302.0,8364.11,2.528
1303.0,8369.94,2.529
1304.0,8375.74,2.53
1305.0,8381.68,2.531
1306.0,8387.24,2.532
1307.0,8392.74,2.532
1308.0,8397.95,2.533
1309.0,8402.96,2.534
1310.0,8407.98,2.535
1311.0,8412.66,2.536
1312.0,8417.27,2.537
1313.0,8421.77,2.538
1314.0,8426.42,2.539
1315.0,8431.29,2.54
1316.0,8436.02,2.541
1317.0,8440.57,2.542
1318.0,8445.19,2.542
1319.0,8449.92,2.543
1320.0,8454.85,2.543
1321.0,8459.89,2.543
1322.0,8464.56,2.543
1323.0,8469.78,2.542
1324.0,8475.35,2.542
1325.0,8481.69,2.541
1326.0,8487.86,2.54
1327.0,8494.52,2.539
1328.0,8501.77,2.538
1329.0,8509.24,2.538
1330.0,8515.8,2.537
1331.0,8521.65,2.536
1332.0,8526.62,2.535
1333.0,8532.32,2.534
1334.0,8538.31,2.533
1335.0,8544.55,2.532
1336.0,8551.27,2.531
1337.0,8558.19,2.53
1338.0,8565.1,2.529
1339.0,8571.83,2.528
1340.0,8578.16,2.529
1341.0,8584.7,2.529
1342.0,8591.08,2.529
1343.0,8597.45,2.53
1344.0,8603.99,2.531
1345.0,8609.29,2.531
1346.0,8614.77,2.531
1347.0,8620.33,2.532
1348.0,8625.38,2.532
1349.0,8630.37,2.533
1350.0,8635.27,2.533
1351.0,8640.26,2.534
1352.0,8644.62,2.534
1353.0,8649.29,2.534
1354.0,8653.94,2.534
1355.0,8658.83,2.534
1356.0,8664.0,2.534
1357.0,8668.78,2.534
1358.0,8673.57,2.533
1359.0,8678.88,2.533
1360.0,8684.36,2.533
1361.0,8689.97,2.532
1362.0,8695.88,2.532
1363.0,8701.84,2.532
1364.0,8707.72,2.532
1365.0,8714.08,2.531
1366.0,8720.79,2.532
1367.0,8727.2,2.532
1368.0,8733.84,2.532
1369.0,8740.84,2.532
1370.0,8747.63,2.532
1371.0,8754.45,2.532
1372.0,8761.19,2.532
1373.0,8768.42,2.532
1374.0,8775.6,2.532
1375.0,8782.59,2.532
1376.0,8789.58,2.532
1377.0,8796.47,2.532
1378.0,8803.44,2.533
1379.0,8810.26,2.533
1380.0,8816.96,2.533
1381.0,8824.42,2.533
1382.0,8831.52,2.534
1383.0,8838.66,2.534
1384.0,8845.56,2.534
1385.0,8851.93,2.535
1386.0,8858.59,2.535
1387.0,8864.9,2.536
1388.0,8871.12,2.536
1389.0,8876.85,2.537
1390.0,8881.98,2.538
1391.0,8886.72,2.538
1392.0,8891.41,2.539
1393.0,8895.99,2.539
1394.0,8900.23,2.539
1395.0,8904.53,2.54
1396.0,8908.85,2.54
1397.0,8912.77,2.541
1398.0,8917.24,2.541
1399.0,8921.69,2.542
1400.0,8926.24,2.542
1401.0,8930.62,2.542
1402.0,8934.92,2.542
1403.0,8939.89,2.542
1404.0,8944.94,2.542
1405.0,8950.15,2.541
1406.0,8955.27,2.541
1407.0,8960.63,2.54
1408.0,8966.59,2.54
1409.0,8972.07,2.539
1410.0,8977.89,2.538
1411.0,8984.17,2.538
1412.0,8990.98,2.537
1413.0,8998.01,2.537
1414.0,9004.21,2.536
1415.0,9010.45,2.536
1416.0,9016.74,2.535
1417.0,9023.67,2.534
1418.0,9030.55,2.534
1419.0,9037.12,2.533
1420.0,9043.92,2.532
1421.0,9049.98,2.531
1422.0,9055.98,2.531
1423.0,9061.89,2.531
1424.0,9067.77,2.531
1425.0,9072.94,2.531
1426.0,9078.08,2.531
1427.0,9083.4,2.532
1428.0,9088.16,2.532
1429.0,9093.1,2.532
