target_distance_m,left_index,right_index,ratio,latitude,longitude,altitude_m,speed_mps
0.0,0,0,0.0,31.100061060860753,121.02728543803096,-283.6,2.536
45.69396984924623,12,13,0.011835175879397183,31.100282275157657,121.02757547326355,685.6177961809045,2.5339881648241205
91.38793969849246,18,19,0.8878101555938319,31.10032019295823,121.02805206977233,907.8606260765583,2.5311121898444062
137.08190954773872,25,26,0.12661814507319485,31.10035234911928,121.02852827438903,972.6279126611319,2.528
182.77587939698492,31,32,0.5060562069607267,31.100403558845994,121.02900356886849,852.7195250325703,2.526
228.46984924623115,38,39,0.7671439273418998,31.10048725695028,121.02947293341364,635.4079880137707,2.523
274.16381909547744,46,47,0.710311995549445,31.100857500709445,121.02957111621004,645.9777471750768,2.5212896880044506
319.85778894472367,55,56,0.9141573500577954,31.10126767447485,121.02955560492907,324.87406541752637,2.52
365.55175879396984,74,75,0.43547193330995776,31.10168983216097,121.02947577140834,-228.63908690740533,2.522
411.2457286432161,87,88,0.4099867366572689,31.10185746539271,121.02916954811641,596.4176047523866,2.525
456.9396984924623,94,95,0.7783817044405699,31.10183311433957,121.02869051842224,813.9600246128601,2.526
502.6336683417086,101,102,0.6769689873314874,31.10180333620695,121.02821586112935,790.4634125319151,2.5266769689873314
548.3276381909549,108,109,0.6897131858121106,31.101781480834926,121.02773668380509,826.7376061594522,2.527
594.021608040201,115,116,0.29238488956410685,31.101751861861793,121.02725915848832,868.325289236882,2.527
639.7155778894473,121,122,0.8642866141291484,31.101721121327937,121.02678179694249,897.8357259836788,2.528
685.4095477386935,128,129,0.18973137941014015,31.101694337935648,121.02630206123816,960.6794285563946,2.528
731.1035175879397,133,134,0.9224650480123344,31.101661557443933,121.02582655413296,1058.1236541618985,2.527
776.797487437186,139,140,0.6324634608876635,31.101636310701046,121.02534791867002,1094.4220249915397,2.526
822.4914572864323,145,146,0.40581757515826633,31.101597424702216,121.0248715831609,973.291951053796,2.526
868.1854271356783,151,152,0.8871345363179386,31.10156928953749,121.02439461280589,942.9327489721333,2.526
913.8793969849246,157,158,0.7928077490374341,31.10155565695862,121.02391582185612,1061.1065007374866,2.527
959.5733668341709,163,164,0.4697366549729768,31.101527717125027,121.02344014125931,1107.1389494643026,2.526
1005.2673366834172,169,170,0.18674549216673178,31.101471199437274,121.02296554462926,1092.9277162281996,2.526
1050.9613065326635,174,175,0.7308362260179004,31.10145303351771,121.02248916555067,1131.0,2.527
1096.6552763819097,180,181,0.3108921696789684,31.10142119394003,121.02201073448857,1101.5627804895603,2.528310892169679
1142.3492462311558,186,187,0.060282544799485444,31.101394470965463,121.02153303041666,1045.8787446667295,2.53
1188.043216080402,192,193,0.2026073379107342,31.10136961785976,121.02105508612631,969.6615956307995,2.533
1233.7371859296484,198,199,0.43039349288818546,31.101335416736227,121.02057848743081,924.5795928796524,2.5364303934928882
1279.4311557788947,204,205,0.9906334393053962,31.101300044140167,121.02010101900184,932.9208764913009,2.54
1325.1251256281407,211,212,0.14464995132732014,31.101271457781813,121.0196232538942,1000.7408192796443,2.541
1370.819095477387,217,218,0.043528114387404296,31.101255405348414,121.0191446233537,1109.0875148811388,2.54
1416.5130653266333,222,223,0.6313112456313453,31.101232481791847,121.01866697188994,1138.3353429755355,2.5373686887543685
1462.2070351758794,228,229,0.22942968064236358,31.101190178023877,121.01818996559939,1132.6433610019617,2.5337705703193576
1507.9010050251256,233,234,0.5777652970736038,31.10116556099606,121.0177137639433,1268.9419426544487,2.531
1553.594974874372,238,239,0.6814081606239523,31.101152454401394,121.01723350221012,1290.826534689123,2.528
1599.288944723618,243,244,0.7851830911157192,31.101128450292123,121.01675591202232,1210.2015438847516,2.527
1644.9829145728645,249,250,0.356790248471596,31.101085108599015,121.01627988367274,1075.1735744212235,2.5266432097515286
1690.6768844221106,255,256,0.05651803649554345,31.101032144074487,121.01580769380128,1111.653961918259,2.5250565180364957
1736.3708542713566,260,261,0.780825815826091,31.101004560001122,121.01532852996252,1114.378111037113,2.526
1782.0648241206031,266,267,0.8355081191079639,31.100974627024815,121.01484890065976,628.2269629137334,2.527
1827.7587939698492,276,277,0.10700703517588409,31.101055870931578,121.01441534578215,673.400541909548,2.527
1873.4527638190957,283,284,0.16815883213538266,31.10101637439175,121.0139405101842,820.9470612556456,2.526
1919.1467336683418,289,290,0.8824675192923005,31.100913065642995,121.01347897536911,904.1557139668737,2.525117532480708
1964.8407035175878,296,297,0.09222401935969275,31.10087768240337,121.01300051439301,1038.116454508414,2.5250922240193594
2010.5346733668343,301,302,0.9063660008585893,31.10085080284416,121.01252444641219,1088.5954900128788,2.525
2056.2286432160804,307,308,0.565736785499423,31.100795610449953,121.01204976853614,1104.5179257836946,2.525
2101.922613065327,313,314,0.2530220295218729,31.10076847525057,121.01157196106173,1111.0507700959674,2.526
2147.616582914573,318,319,0.8593393798259714,31.100731241370546,121.01109413052184,1103.505922294399,2.526
2193.3105527638195,324,325,0.4597811331539841,31.100707265061654,121.01061655240602,1125.4,2.526
2239.0045226130655,330,331,0.08094063496533471,31.100674838521464,121.01014005413188,1114.5075744128683,2.526
2284.6984924623116,335,336,0.7415946969928686,31.100651376480236,121.0096616720077,1078.876079545107,2.525
2330.392462311558,341,342,0.43803481030309716,31.100621001004075,121.00918321058968,1100.6414575962428,2.525
2376.086432160804,347,348,0.09872214761840377,31.100586588862807,121.00870574262163,1076.2134797323977,2.525
2421.7804020100507,352,353,0.7866669204609611,31.100565836951116,121.00822959912699,1082.0106695091629,2.524213333079539
2467.4743718592968,358,359,0.5453268702000983,31.100538570874516,121.00774951134989,1085.2184116336398,2.524
2513.168341708543,364,365,0.019077314282240816,31.100503531004733,121.00727467620656,1119.8724937942725,2.525
2558.8623115577893,369,370,0.6358454677479987,31.100478185502396,121.00679879086839,1129.8554781580535,2.525
2604.5562814070354,375,376,0.3635115122210696,31.100453585961848,121.00631900167438,1088.7426578737518,2.5246364884877788
2650.2502512562814,380,381,0.9125925192464777,31.100431721782055,121.00584221693991,1099.8888877886973,2.524
2695.944221105528,386,387,0.5769716457937862,31.100399892527236,121.0053627984186,1110.6758351342191,2.523
2741.638190954774,392,393,0.22380362387660274,31.10035620762339,121.00488604681557,1077.546699706291,2.523
2787.33216080402,397,398,0.8414740368509339,31.1003370666605,121.00440935481657,1099.7343651591293,2.524
2833.0261306532666,403,404,0.48168888724066794,31.100315257549298,121.00393037088975,1140.1949155370955,2.524
2878.7201005025127,408,409,0.8450125628140768,31.10027748318857,121.0034537005863,1134.0976030150753,2.523
2924.4140703517587,414,415,0.9199478404681408,31.10025214228788,121.00297923626809,578.6910056612222,2.522
2970.108040201005,422,423,0.5197842601667089,31.100208767481767,121.00250255004295,842.4647511416014,2.5224802157398334
3015.8020100502513,429,430,0.1297016417236179,31.100173412065082,121.00202487231162,942.8334629551024,2.5221297016417235
3061.495979899498,435,436,0.36740865959236957,31.10013723149203,121.00154741557941,968.5111298938856,2.525
3107.189949748744,441,442,0.43292825348525016,31.100082282393963,121.00107394846074,1020.6731946585522,2.526
3152.88391959799,447,448,0.27877680413083394,31.100025875261043,121.00060042638422,1044.7611501031326,2.527
3198.577889447236,453,454,0.10416332275626171,31.09995273005056,121.00012786423494,1098.1207524107015,2.529
3244.2718592964825,458,459,0.5095185228468213,31.099872140834655,120.99965873154153,1202.2132149117688,2.529
3289.965829145729,463,464,0.7937734650263036,31.099781484617942,120.99919095874934,1264.8902628082947,2.5262062265349736
3335.659798994975,468,469,0.8659119774697738,31.099675749663444,120.9987284807287,1310.4413584405545,2.524
3381.353768844221,473,474,0.9669384870782401,31.09956260509701,120.9982666134907,1310.0743662508974,2.522
3427.047738693467,478,479,0.8103055644205844,31.09943162151587,120.99781322928297,1353.0,2.522
3472.7417085427132,483,484,0.6760883307796456,31.099290216359158,120.99736305013955,1355.0,2.521
3518.43567839196,488,489,0.5815532689905037,31.099141635827063,120.99691823268941,1356.2566983063468,2.52
3564.1296482412063,493,494,0.4687458456302987,31.09900523976185,120.99646537691946,1365.981234213395,2.521
3609.8236180904523,498,499,0.30248611478447474,31.098840015542073,120.99602913749605,1400.888950013224,2.519
3655.5175879396984,503,504,0.05926276403664214,31.098658157397097,120.99560044860581,1396.331871478605,2.518
3701.2115577889444,507,508,0.9282071734332868,31.098494483518575,120.99516056975352,1363.2040796575473,2.5189282071734334
3746.9055276381914,512,513,0.9539475153545836,31.0983242935721,120.9947232931946,1334.7407883863762,2.518046052484645
3792.5994974874375,517,518,0.9292065902933851,31.09815229889729,120.99428871553947,1326.4619700862297,2.517
3838.2934673366835,522,523,0.9503375809651324,31.097986684223525,120.99384928883599,1335.3656713602143,2.517
3883.9874371859296,527,528,0.8763344620096228,31.09782242656352,120.99341075005368,1323.3628140703515,2.517
3929.6814070351757,532,533,0.8789457951936557,31.09765311526853,120.99297518600405,1314.703216418796,2.516
3975.3753768844226,538,539,0.011920462038759952,31.09748225811063,120.99253782002678,1261.6452977557472,2.515
4021.0693467336687,543,544,0.17598926739570858,31.097321559530798,120.99209792308253,1216.971079794832,2.515
4066.7633165829147,548,549,0.41746701421547067,31.097156158815185,120.99165750834636,1240.7647069572465,2.516
4112.457286432161,553,554,0.7166192558804366,31.096987984117217,120.9912209790143,1172.7723041642107,2.516
4158.151256281407,559,560,0.09126825717370694,31.096818876898087,120.99078404131478,1151.1333067205182,2.5160912682571737
4203.845226130654,564,565,0.5649078726968654,31.09665954559246,120.99034302598848,1146.5275544388628,2.5175649078726967
4249.5391959799,569,570,0.9203224890311715,31.096490161943997,120.98990502312883,1187.4461940614253,2.5170796775109685
4295.233165829146,575,576,0.31266318952538225,31.096324759678833,120.9894669020008,1068.8573105730927,2.518
4340.927135678392,581,582,0.2670881288161653,31.096155133888228,120.9890318933067,1008.510628410872,2.519
4386.621105527639,587,588,0.3964705416848627,31.095985449194327,120.98859483036826,963.0731769081623,2.518
4432.315075376885,593,594,0.6294623803951596,31.095817844791604,120.98815823220093,959.5910538996354,2.518629462380395
4478.009045226131,599,600,0.823181206930965,31.09563365188137,120.98772927514804,1004.1928966213917,2.521
4523.703015075377,605,606,0.7982846863114307,31.095444447766635,120.98730528940933,1036.8738248707211,2.522
4569.396984924623,611,612,0.6864227049225164,31.09525426798805,120.98688026124391,1062.8963405738377,2.521
4615.09095477387,617,618,0.6430811777006866,31.095042369868963,120.98646887718219,1068.7575461198612,2.521
4660.784924623116,623,624,0.28372585820676566,31.094831312914952,120.98605853153818,1080.0113470969332,2.52
4706.478894472362,628,629,0.9768998051482715,31.09461056669396,120.98565398377806,1090.212521792636,2.52
4752.172864321608,634,635,0.6306388428941497,31.09437807199057,120.9852557764329,1074.7315775202073,2.521
4797.866834170854,640,641,0.17292196644074548,31.094141788380846,120.9848658954068,1092.009117908745,2.522
4843.560804020101,645,646,0.8907831080871685,31.093891606314916,120.98448529387873,1075.991794999845,2.522
4889.254773869347,651,652,0.852257124736164,31.09363551544841,120.98411149396644,927.5255835348675,2.523
4934.9487437185935,658,659,0.46068749544829507,31.09338096608948,120.98373504798829,923.8,2.523
4980.64271356784,664,665,0.7184459531701421,31.093117240034445,120.98336744324605,949.2931893510112,2.523
5026.336683417086,670,671,0.8528932929956459,31.092823832054073,120.98303343705294,1009.5057865859912,2.5231471067070044
5072.030653266332,676,677,0.8422578611037017,31.09253861728496,120.98268657979189,1029.2833559778194,2.523
5117.724623115579,682,683,0.856995002110965,31.092257587607154,120.9823360537784,986.0024839645357,2.523
5163.418592964825,689,690,0.12999902559904633,31.091977695976126,120.98198449021106,929.4360417043608,2.523
5209.112562814071,695,696,0.9511635098569968,31.091697015402932,120.98163527368082,731.3530003865475,2.526951163509857
5254.806532663317,704,705,0.07046100065553032,31.09141694812496,120.98128379412323,499.15717719029817,2.533140922001311
5300.500502512563,713,714,0.6207242352112132,31.091135101849414,120.98093460769722,414.72394428281723,2.541
5346.194472361809,724,725,0.1512039616971484,31.090853832554703,120.98058501408231,329.99107644761375,2.5471512039616973
5391.888442211056,734,735,0.7402310889258478,31.090569712380205,120.98023756287472,399.181176391939,2.552740231088926
5437.582412060302,744,745,0.020894435000319612,31.090287586903973,120.97988942789931,552.9468476210052,2.5560208944350005
5483.276381909548,752,753,0.524195563452683,31.0900077567813,120.97953795492319,599.47099031067,2.559
5528.970351758794,760,761,0.3232076782626972,31.08971639207396,120.97919975695325,735.5261193426943,2.562
5574.66432160804,767,768,0.1426612669536477,31.089435881804672,120.9788485256517,900.7102898458544,2.562
5620.358291457286,773,774,0.2334135375207007,31.089155262108516,120.97849730581555,1060.5154346830425,2.5597665864624792
5666.052261306533,778,779,0.9011198677791106,31.088874968815585,120.97814730676649,1124.846271259563,2.556
5711.746231155779,784,785,0.43394090078735953,31.088603566477072,120.97778734703512,1198.4790444674013,2.5495660590992126
5757.440201005025,789,790,0.6324246932989577,31.088351007419234,120.9774099889719,1289.3695269644327,2.5433675753067013
5803.134170854271,794,795,0.6560610539327403,31.088118073086143,120.97701513577344,1382.6957676080935,2.5383439389460674
5848.828140703517,799,800,0.48609079151027185,31.08791163739294,120.97660053699887,1416.447145007739,2.5320278184169793
5894.522110552764,804,805,0.47790928325846344,31.08772723920076,120.97616904970585,1035.5205474741888,2.528
5940.21608040201,825,826,0.7639729258539112,31.087493270187853,120.97572832091811,122.2435032304362,2.524
5985.9100502512565,847,848,0.7976523086948434,31.08700002766485,120.9759294211575,561.9711563712531,2.521
6031.604020100503,855,856,0.023166680861998204,31.08661005316216,120.97608980810773,876.1320671152392,2.522023166680862
6077.297989949749,861,862,0.12996080274945743,31.086221473491886,120.976249606062,954.2432630916898,2.524
6122.991959798996,866,867,0.8263172501757201,31.085832858204714,120.97640725582247,1139.0800111013355,2.525
6168.685929648242,872,873,0.5550106624152007,31.085443486630233,120.97656685360741,1052.6483582571507,2.525
6214.379899497488,878,879,0.9114866367234783,31.085051000960657,120.97670696657265,591.9714732956786,2.527
6260.073869346734,887,888,0.5196326459885776,31.084666031197983,120.97687790142813,685.8088650147293,2.529
6305.76783919598,895,896,0.5975096068578304,31.084269559138324,120.97700466366568,285.0291900679848,2.526
6351.461809045227,905,906,0.11733254940165665,31.083882612698837,120.97717179044135,595.2187427080393,2.525
6397.155778894472,917,918,0.053278816442366775,31.08349371808189,120.97731573843163,-248.49098910702176,2.525
6442.849748743719,937,938,0.6848626695120013,31.0831038332885,120.97747110693682,148.81386383974888,2.524
6488.543718592965,948,949,0.32527553338923115,31.082708857219956,120.97760738605672,533.6646289609391,2.524
6534.237688442211,956,957,0.03246115635649747,31.082316882964182,120.97775389119373,681.0182175244037,2.523032461156357
6579.931658291458,963,964,0.7543372157016116,31.081924201059508,120.9778966579518,562.9814043286387,2.5247543372157017
6625.625628140703,973,974,0.08508132058140788,31.081546762628154,120.97808008641518,380.91746474307064,2.526
6671.31959798995,981,982,0.7970014606855368,31.08116548526193,120.9782639014092,613.0389810110881,2.526
6717.013567839196,989,990,0.22153319790445192,31.080765642555733,120.97836821501734,704.9623436330597,2.5247784668020956
6762.707537688442,997,998,0.18581127072346,31.080375516447564,120.9785131851663,605.3453226083298,2.5248141887292763
6808.401507537689,1003,1004,0.9452762092249127,31.080022172936552,120.97874650614875,671.6694883351406,2.525
6854.095477386934,1011,1012,0.21264671031576676,31.079656448522016,120.97896255046763,662.8264143436634,2.527212646710316
6899.789447236181,1019,1020,0.02109640486863584,31.079289282033212,120.97918372115845,752.3561133960279,2.527
6945.4834170854265,1026,1027,0.6520100502511524,31.07897870319816,120.97948824046132,612.5949748743742,2.524
6991.177386934673,1035,1036,0.14388091661054062,31.078691786584603,120.97983186891464,589.6114662660381,2.523
7036.87135678392,1045,1046,0.6606973546981729,31.07851140655914,120.98025919016797,369.19886223571723,2.523
7082.565326633166,1054,1055,0.12525145664525816,31.07832024248819,120.98068470145789,718.9042244716403,2.522
7128.2592964824125,1061,1062,0.8157574878001418,31.078148331461072,120.98111996501214,583.0632730439196,2.5218157574878
7173.953266331658,1071,1072,0.1290418840042347,31.07796782132254,120.98154984062832,325.21910263908904,2.523870958115996
7219.647236180905,1082,1083,0.906104831462026,31.077797808727848,120.98198519841928,279.7089578876734,2.525
7265.341206030152,1093,1094,0.137703583832749,31.077615789246213,120.98241209626241,516.4944136880279,2.527
7311.035175879397,1102,1103,0.223719813643031,31.077439925904546,120.98284474353784,511.0388114662397,2.527776280186357
7356.729145728644,1110,1111,0.9010839027590454,31.077261444570016,120.98327791351801,592.076419132704,2.525
7402.423115577889,1118,1119,0.9809323944353885,31.077077723245175,120.98370557456677,717.7800929607216,2.523
7448.117085427136,1126,1127,0.8141441150707741,31.076898324502768,120.9841357045918,527.6608842377019,2.522
7493.811055276383,1139,1140,0.22764127385472777,31.076690453778625,120.98453982937072,-172.5105897585926,2.522
7539.505025125628,1157,1158,0.0673571941338153,31.07621329644476,120.98439869258841,62.15443749360296,2.524
7585.198994974875,1165,1166,0.08262418861682436,31.075856473603757,120.98429555700778,295.6363364627445,2.526
7630.89296482412,1165,1166,0.25605558440854737,31.07544425210111,120.98423252521897,351.9668538158961,2.526
7676.586934673367,1165,1166,0.4294869802002773,31.075032030598468,120.98416949343014,408.29737116905,2.526
7722.280904522614,1165,1166,0.6029183759920073,31.07461980909582,120.98410646164133,464.6278885222039,2.526
7767.974874371859,1165,1166,0.7763497717837302,31.074207587593175,120.98404342985252,520.9584058753555,2.526
7813.668844221106,1165,1166,0.9497811675754602,31.073795366090533,120.98398039806371,577.2889232285094,2.526
7859.362814070351,1170,1171,0.7213831588882784,31.07341312543794,120.98382254420174,888.3615258613538,2.523
7905.056783919598,1177,1178,0.7783005938784725,31.073218346125834,120.98340128187232,758.1679488350848,2.529778300593878
7950.750753768845,1185,1186,0.25913443719476503,31.07303529357211,120.98297309489587,675.046541455128,2.537259134437195
7996.44472361809,1193,1194,0.5480610600170434,31.072850403765425,120.98254436374009,509.2347359438704,2.544548061060017
8042.138693467337,1202,1203,0.47166839307283176,31.072676173804503,120.98211115681681,597.089401008455,2.547
8087.8326633165825,1210,1211,0.15165257180208008,31.072619001478465,120.98164009918722,723.2492544020918,2.5448483474281978
8133.5266331658295,1217,1218,0.43225631079381704,31.072557254869164,120.98116675115672,843.5005701019753,2.540567743689206
8179.220603015076,1223,1224,0.7829976211591153,31.072417175551482,120.98071677867502,953.4514575679494,2.536217002378841
8224.914572864322,1230,1231,0.6580418649539258,31.07219364106233,120.98031675905274,691.4587440513823,2.536
8270.608542713568,1238,1239,0.1870809154129791,31.071890157719718,120.97999473778906,769.6859187578762,2.535812919084587
8316.302512562814,1244,1245,0.8588616157711377,31.07160903703152,120.97964639910906,908.7177232315423,2.5291411383842286
8361.99648241206,1251,1252,0.6645210177872319,31.071434475559734,120.9792159119847,742.9868230039151,2.528
8407.690452261308,1259,1260,0.9423211675912584,31.07125542204012,120.978785555098,473.4920058459559,2.534942321167591
8453.384422110552,1269,1270,0.702722537637245,31.071074497917756,120.9783534449704,411.5944081462099,2.543
8499.0783919598,1277,1278,0.628743718593012,31.070875519914694,120.97793440220681,865.8408040201039,2.538371256281407
8544.772361809046,1285,1286,0.03308955491763722,31.070725558716052,120.97749070769214,833.2007672290069,2.5319669104450826
8590.466331658292,1291,1292,0.9038137395441831,31.070650236183056,120.97702247775284,780.2,2.529
8636.160301507538,1300,1301,0.17841713577906895,31.070583235004666,120.97655144125444,466.8492140059024,2.533178417135779
8681.854271356784,1309,1310,0.5427502475883323,31.070451535801645,120.97609947147993,552.5345559916376,2.533
8727.54824120603,1317,1318,0.05244596476345983,31.07023332492711,120.97569458640827,809.1754949446004,2.532
8773.242211055278,1323,1324,0.6716171386180614,31.069928789512495,120.97537390708032,907.1610559762612,2.532
8818.936180904522,1330,1331,0.2649036065043983,31.06967499036832,120.97500691103687,922.4768264917079,2.533
8864.63015075377,1336,1337,0.9572346677924579,31.06947763168772,120.97458873276287,726.5948586036224,2.5359572346677925
8910.324120603014,1346,1347,0.37605117423824397,31.06929395947341,120.97416089484744,335.55378422725767,2.5403760511742384
8956.018090452262,1356,1357,0.1395691142279705,31.069104496486126,120.97373708673216,562.2014719118027,2.540860430885772
9001.712060301508,1363,1364,0.5971065002433352,31.06890069264502,120.97332592851674,792.5686107959119,2.5364028934997567
9047.406030150754,1370,1371,0.575252500124509,31.06875964237265,120.97287562544687,736.5932334941979,2.5314247474998757
9093.1,1379,1379,0.0,31.06866999529302,120.97241146489978,461.0,2.532
