elapsed_seconds,source_elapsed_seconds,distance_m,speed_mps,source_left_index,source_right_index,ratio
0.0,0.0,0.0,3.8040000000000003,0,0,0.0
1.0,1.5,2.915,3.8055,1,2,0.5
2.0,3.0,6.67,3.8055,3,4,0.0
3.0,4.5,11.030000000000001,3.8055,4,5,0.5
4.0,6.0,16.23,3.8055,6,7,0.0
5.0,7.5,21.965,3.8047500000000003,7,8,0.5
6.0,9.0,29.13,3.8040000000000003,9,10,0.0
7.0,10.5,37.004999999999995,3.80175,10,11,0.5
8.0,12.0,45.62,3.8009999999999997,12,13,0.0
9.0,13.5,55.15,3.7995,13,14,0.5
10.0,15.0,64.94,3.7995,15,16,0.0
11.0,16.5,74.725,3.798,16,17,0.5
12.0,18.0,85.12,3.798,18,19,0.0
13.0,19.5,95.75,3.7965,19,20,0.5
14.0,21.0,106.74,3.795,21,22,0.0
15.0,22.5,117.9,3.7935,22,23,0.5
16.0,24.0,129.02,3.7935,24,25,0.0
17.0,25.5,139.82999999999998,3.792,25,26,0.5
18.0,27.0,150.87,3.792,27,28,0.0
19.0,28.5,161.75,3.7905,28,29,0.5
20.0,30.0,172.67,3.7889999999999997,30,31,0.0
21.0,31.5,182.735,3.7889999999999997,31,32,0.5
22.0,33.0,192.84,3.7874999999999996,33,34,0.0
23.0,34.5,202.66,3.7867499999999996,34,35,0.5
24.0,36.0,212.09,3.786,36,37,0.0
25.0,37.5,220.925,3.7845000000000004,37,38,0.5
26.0,39.0,229.86,3.7845000000000004,39,40,0.0
27.0,40.5,238.46,3.78375,40,41,0.5
28.0,42.0,246.93,3.7829999999999995,42,43,0.0
29.0,43.5,255.67000000000002,3.7829999999999995,43,44,0.5
30.0,45.0,264.51,3.7829999999999995,45,46,0.0
31.0,46.5,273.005,3.7822499999999994,46,47,0.5
32.0,48.0,281.21,3.7815,48,49,0.0
33.0,49.5,289.65999999999997,3.7800000000000002,49,50,0.5
34.0,51.0,297.78,3.7800000000000002,51,52,0.0
35.0,52.5,304.95500000000004,3.7800000000000002,52,53,0.5
36.0,54.0,311.79,3.7800000000000002,54,55,0.0
37.0,55.5,318.255,3.7800000000000002,55,56,0.5
38.0,57.0,323.85,3.7800000000000002,57,58,0.0
39.0,58.5,329.83500000000004,3.7807500000000003,58,59,0.5
40.0,60.0,335.88,3.7800000000000002,60,61,0.0
41.0,61.5,341.735,3.7815,61,62,0.5
42.0,63.0,346.37,3.7815,63,64,0.0
43.0,64.5,349.655,3.7822499999999994,64,65,0.5
44.0,66.0,351.44,3.7829999999999995,66,67,0.0
45.0,67.5,351.88,3.7829999999999995,67,68,0.5
46.0,69.0,351.88,3.7824,68,69,0.2
47.0,70.5,351.88,3.7815,68,69,0.5
48.0,72.0,351.88,3.7805999999999997,68,69,0.8
49.0,73.5,353.605,3.7800000000000002,69,70,0.5
50.0,75.0,358.13,3.7815,71,72,0.0
51.0,76.5,361.6,3.7822499999999994,72,73,0.5
52.0,78.0,364.99,3.7829999999999995,74,75,0.0
53.0,79.5,367.17499999999995,3.78375,75,76,0.5
54.0,81.0,370.73,3.7845000000000004,77,78,0.0
55.0,82.5,374.74,3.7845000000000004,78,79,0.5
56.0,84.0,378.8,3.7845000000000004,80,81,0.0
57.0,85.5,384.03499999999997,3.7845000000000004,81,82,0.5
58.0,87.0,390.17,3.786,83,84,0.0
59.0,88.5,396.255,3.7867499999999996,84,85,0.5
60.0,90.0,403.7,3.7874999999999996,86,87,0.0
61.0,91.5,411.73,3.7874999999999996,87,88,0.5
62.0,93.0,420.23,3.7874999999999996,89,90,0.0
63.0,94.5,429.6,3.7889999999999997,90,91,0.5
64.0,96.0,438.74,3.7889999999999997,92,93,0.0
65.0,97.5,448.32500000000005,3.7889999999999997,93,94,0.5
66.0,99.0,458.46,3.7889999999999997,95,96,0.0
67.0,100.5,468.6,3.7889999999999997,96,97,0.5
68.0,102.0,478.63,3.7889999999999997,98,99,0.0
69.0,103.5,488.385,3.7889999999999997,99,100,0.5
70.0,105.0,498.45,3.7889999999999997,101,102,0.0
71.0,106.5,507.79499999999996,3.7905,102,103,0.5
72.0,108.0,517.18,3.7905,104,105,0.0
73.0,109.5,526.7,3.7905,105,106,0.5
74.0,111.0,536.89,3.7905,107,108,0.0
75.0,112.5,547.03,3.7905,108,109,0.5
76.0,114.0,556.96,3.7905,110,111,0.0
77.0,115.5,567.05,3.7905,111,112,0.5
78.0,117.0,577.8,3.7905,113,114,0.0
79.0,118.5,588.54,3.7905,114,115,0.5
80.0,120.0,598.89,3.7905,116,117,0.0
81.0,121.5,608.89,3.7905,117,118,0.5
82.0,123.0,619.03,3.792,119,120,0.0
83.0,124.5,629.81,3.792,120,121,0.5
84.0,126.0,640.69,3.792,122,123,0.0
85.0,127.5,651.375,3.792,123,124,0.5
86.0,129.0,661.83,3.792,125,126,0.0
87.0,130.5,672.87,3.792,126,127,0.5
88.0,132.0,683.96,3.792,128,129,0.0
89.0,133.5,695.54,3.79125,129,130,0.5
90.0,135.0,707.49,3.7905,131,132,0.0
91.0,136.5,719.49,3.7905,132,133,0.5
92.0,138.0,731.73,3.7905,134,135,0.0
93.0,139.5,743.4200000000001,3.7889999999999997,135,136,0.5
94.0,141.0,755.7,3.7889999999999997,137,138,0.0
95.0,142.5,767.945,3.7889999999999997,138,139,0.5
96.0,144.0,779.69,3.7889999999999997,140,141,0.0
97.0,145.5,791.7349999999999,3.7889999999999997,141,142,0.5
98.0,147.0,804.07,3.7889999999999997,143,144,0.0
99.0,148.5,815.675,3.7889999999999997,144,145,0.5
100.0,150.0,826.93,3.7889999999999997,146,147,0.0
101.0,151.5,837.8399999999999,3.7889999999999997,147,148,0.5
102.0,153.0,848.57,3.7889999999999997,149,150,0.0
103.0,154.5,858.685,3.7889999999999997,150,151,0.5
104.0,156.0,868.98,3.7889999999999997,152,153,0.0
105.0,157.5,880.245,3.7889999999999997,153,154,0.5
106.0,159.0,891.8,3.7889999999999997,155,156,0.0
107.0,160.5,903.605,3.7897499999999997,156,157,0.5
108.0,162.0,915.51,3.7905,158,159,0.0
109.0,163.5,927.5450000000001,3.7897499999999997,159,160,0.5
110.0,165.0,939.72,3.7889999999999997,161,162,0.0
111.0,166.5,951.55,3.7889999999999997,162,163,0.5
112.0,168.0,964.07,3.7889999999999997,164,165,0.0
113.0,169.5,976.08,3.7889999999999997,165,166,0.5
114.0,171.0,988.26,3.7889999999999997,167,168,0.0
115.0,172.5,1000.005,3.7889999999999997,168,169,0.5
116.0,174.0,1012.18,3.7889999999999997,170,171,0.0
117.0,175.5,1024.645,3.7897499999999997,171,172,0.5
118.0,177.0,1036.7,3.7905,173,174,0.0
119.0,178.5,1049.11,3.7905,174,175,0.5
120.0,180.0,1060.96,3.7905,176,177,0.0
121.0,181.5,1073.545,3.792,177,178,0.5
122.0,183.0,1085.72,3.792,179,180,0.0
123.0,184.5,1098.24,3.7927500000000003,180,181,0.5
124.0,186.0,1110.09,3.7935,182,183,0.0
125.0,187.5,1122.32,3.7942499999999995,183,184,0.5
126.0,189.0,1134.22,3.795,185,186,0.0
127.0,190.5,1145.8449999999998,3.795,186,187,0.5
128.0,192.0,1157.17,3.7965,188,189,0.0
129.0,193.5,1168.185,3.7972500000000005,189,190,0.5
130.0,195.0,1179.08,3.798,191,192,0.0
131.0,196.5,1190.2350000000001,3.7995,192,193,0.5
132.0,198.0,1201.16,3.8009999999999997,194,195,0.0
133.0,199.5,1212.1799999999998,3.8025,195,196,0.5
134.0,201.0,1223.3,3.8040000000000003,197,198,0.0
135.0,202.5,1234.23,3.8047500000000003,198,199,0.5
136.0,204.0,1244.52,3.8069999999999995,200,201,0.0
137.0,205.5,1254.8200000000002,3.80775,201,202,0.5
138.0,207.0,1265.19,3.8085000000000004,203,204,0.0
139.0,208.5,1275.825,3.81,204,205,0.5
140.0,210.0,1286.83,3.8114999999999997,206,207,0.0
141.0,211.5,1297.995,3.8114999999999997,207,208,0.5
142.0,213.0,1308.88,3.8114999999999997,209,210,0.0
143.0,214.5,1320.2150000000001,3.8114999999999997,210,211,0.5
144.0,216.0,1331.66,3.8114999999999997,212,213,0.0
145.0,217.5,1342.825,3.8114999999999997,213,214,0.5
146.0,219.0,1354.5,3.8114999999999997,215,216,0.0
147.0,220.5,1366.385,3.81,216,217,0.5
148.0,222.0,1378.49,3.81,218,219,0.0
149.0,223.5,1390.7150000000001,3.8085000000000004,219,220,0.5
150.0,225.0,1403.2,3.8069999999999995,221,222,0.0
151.0,226.5,1415.435,3.8062499999999995,222,223,0.5
152.0,228.0,1427.36,3.8055,224,225,0.0
153.0,229.5,1439.76,3.80325,225,226,0.5
154.0,231.0,1452.17,3.8025,227,228,0.0
155.0,232.5,1464.5149999999999,3.80025,228,229,0.5
156.0,234.0,1477.09,3.7995,230,231,0.0
157.0,235.5,1489.79,3.7987499999999996,231,232,0.5
158.0,237.0,1502.99,3.7965,233,234,0.0
159.0,238.5,1515.8400000000001,3.79575,234,235,0.5
160.0,240.0,1529.17,3.795,236,237,0.0
161.0,241.5,1543.005,3.7927500000000003,237,238,0.5
162.0,243.0,1556.44,3.792,239,240,0.0
163.0,244.5,1570.23,3.7905,240,241,0.5
164.0,246.0,1583.57,3.7905,242,243,0.0
165.0,247.5,1596.805,3.7905,243,244,0.5
166.0,249.0,1609.55,3.7905,245,246,0.0
167.0,250.5,1621.935,3.7905,246,247,0.5
168.0,252.0,1634.28,3.7905,248,249,0.0
169.0,253.5,1646.12,3.7897499999999997,249,250,0.5
170.0,255.0,1658.02,3.7889999999999997,251,252,0.0
171.0,256.5,1669.835,3.7889999999999997,252,253,0.5
172.0,258.0,1682.09,3.7874999999999996,254,255,0.0
173.0,259.5,1694.105,3.78825,255,256,0.5
174.0,261.0,1705.91,3.7889999999999997,257,258,0.0
175.0,262.5,1717.915,3.7889999999999997,258,259,0.5
176.0,264.0,1729.89,3.7889999999999997,260,261,0.0
177.0,265.5,1742.29,3.7897499999999997,261,262,0.5
178.0,267.0,1754.51,3.7905,263,264,0.0
179.0,268.5,1766.055,3.7897499999999997,264,265,0.5
180.0,270.0,1777.01,3.7905,266,267,0.0
181.0,271.5,1785.46,3.7905,267,268,0.5
182.0,273.0,1791.25,3.7905,269,270,0.0
183.0,274.5,1798.08,3.7905,270,271,0.5
184.0,276.0,1805.2,3.7905,272,273,0.0
185.0,277.5,1813.095,3.7905,273,274,0.5
186.0,279.0,1821.42,3.7905,275,276,0.0
187.0,280.5,1830.215,3.7905,276,277,0.5
188.0,282.0,1839.8,3.7905,278,279,0.0
189.0,283.5,1849.175,3.7905,279,280,0.5
190.0,285.0,1858.88,3.7889999999999997,281,282,0.0
191.0,286.5,1869.04,3.7889999999999997,282,283,0.5
192.0,288.0,1878.71,3.7889999999999997,284,285,0.0
193.0,289.5,1888.98,3.7889999999999997,285,286,0.5
194.0,291.0,1899.17,3.7889999999999997,287,288,0.0
195.0,292.5,1909.205,3.7889999999999997,288,289,0.5
196.0,294.0,1920.02,3.7874999999999996,290,291,0.0
197.0,295.5,1930.335,3.7874999999999996,291,292,0.5
198.0,297.0,1941.3,3.7874999999999996,293,294,0.0
199.0,298.5,1952.74,3.7874999999999996,294,295,0.5
200.0,300.0,1964.09,3.7874999999999996,296,297,0.0
201.0,301.5,1976.145,3.7889999999999997,297,298,0.5
202.0,303.0,1987.8,3.7889999999999997,299,300,0.0
203.0,304.5,1999.46,3.7874999999999996,300,301,0.5
204.0,306.0,2011.28,3.7874999999999996,302,303,0.0
205.0,307.5,2023.21,3.7874999999999996,303,304,0.5
206.0,309.0,2035.07,3.7874999999999996,305,306,0.0
207.0,310.5,2047.46,3.7874999999999996,306,307,0.5
208.0,312.0,2059.82,3.7874999999999996,308,309,0.0
209.0,313.5,2071.73,3.78825,309,310,0.5
210.0,315.0,2083.15,3.7889999999999997,311,312,0.0
211.0,316.5,2095.525,3.7889999999999997,312,313,0.5
212.0,318.0,2108.13,3.7889999999999997,314,315,0.0
213.0,319.5,2119.935,3.7889999999999997,315,316,0.5
214.0,321.0,2132.14,3.7889999999999997,317,318,0.0
215.0,322.5,2144.67,3.7889999999999997,318,319,0.5
216.0,324.0,2157.21,3.7889999999999997,320,321,0.0
217.0,325.5,2169.55,3.7889999999999997,321,322,0.5
218.0,327.0,2181.45,3.7889999999999997,323,324,0.0
219.0,328.5,2193.6499999999996,3.7889999999999997,324,325,0.5
220.0,330.0,2206.17,3.7889999999999997,326,327,0.0
221.0,331.5,2218.26,3.7889999999999997,327,328,0.5
222.0,333.0,2230.45,3.7889999999999997,329,330,0.0
223.0,334.5,2242.445,3.7889999999999997,330,331,0.5
224.0,336.0,2254.38,3.7874999999999996,332,333,0.0
225.0,337.5,2266.79,3.7874999999999996,333,334,0.5
226.0,339.0,2278.61,3.7874999999999996,335,336,0.0
227.0,340.5,2290.875,3.7874999999999996,336,337,0.5
228.0,342.0,2303.19,3.7874999999999996,338,339,0.0
229.0,343.5,2314.705,3.7874999999999996,339,340,0.5
230.0,345.0,2326.84,3.7874999999999996,341,342,0.0
231.0,346.5,2339.1499999999996,3.7874999999999996,342,343,0.5
232.0,348.0,2351.5,3.7874999999999996,344,345,0.0
233.0,349.5,2363.195,3.7874999999999996,345,346,0.5
234.0,351.0,2375.27,3.7874999999999996,347,348,0.0
235.0,352.5,2387.58,3.7874999999999996,348,349,0.5
236.0,354.0,2399.89,3.7874999999999996,350,351,0.0
237.0,355.5,2411.545,3.7874999999999996,351,352,0.5
238.0,357.0,2423.47,3.786,353,354,0.0
239.0,358.5,2435.44,3.786,354,355,0.5
240.0,360.0,2446.88,3.786,356,357,0.0
241.0,361.5,2458.8450000000003,3.786,357,358,0.5
242.0,363.0,2471.33,3.786,359,360,0.0
243.0,364.5,2483.95,3.786,360,361,0.5
244.0,366.0,2496.36,3.786,362,363,0.0
245.0,367.5,2508.87,3.7867499999999996,363,364,0.5
246.0,369.0,2521.31,3.7874999999999996,365,366,0.0
247.0,370.5,2533.505,3.7874999999999996,366,367,0.5
248.0,372.0,2545.71,3.7874999999999996,368,369,0.0
249.0,373.5,2557.8,3.7874999999999996,369,370,0.5
250.0,375.0,2569.45,3.7874999999999996,371,372,0.0
251.0,376.5,2581.4449999999997,3.7874999999999996,372,373,0.5
252.0,378.0,2593.66,3.7874999999999996,374,375,0.0
253.0,379.5,2605.6400000000003,3.7867499999999996,375,376,0.5
254.0,381.0,2617.9,3.786,377,378,0.0
255.0,382.5,2630.065,3.786,378,379,0.5
256.0,384.0,2642.84,3.786,380,381,0.0
257.0,385.5,2654.785,3.786,381,382,0.5
258.0,387.0,2666.53,3.7845000000000004,383,384,0.0
259.0,388.5,2678.89,3.7845000000000004,384,385,0.5
260.0,390.0,2691.49,3.7845000000000004,386,387,0.0
261.0,391.5,2703.33,3.7845000000000004,387,388,0.5
262.0,393.0,2715.9,3.7845000000000004,389,390,0.0
263.0,394.5,2728.05,3.7845000000000004,390,391,0.5
264.0,396.0,2739.85,3.7845000000000004,392,393,0.0
265.0,397.5,2751.94,3.7845000000000004,393,394,0.5
266.0,399.0,2764.04,3.7845000000000004,395,396,0.0
267.0,400.5,2776.2799999999997,3.786,396,397,0.5
268.0,402.0,2788.64,3.786,398,399,0.0
269.0,403.5,2800.56,3.786,399,400,0.5
270.0,405.0,2812.9,3.786,401,402,0.0
271.0,406.5,2825.09,3.786,402,403,0.5
272.0,408.0,2837.24,3.786,404,405,0.0
273.0,409.5,2849.965,3.7852500000000004,405,406,0.5
274.0,411.0,2863.26,3.7845000000000004,407,408,0.0
275.0,412.5,2875.96,3.7845000000000004,408,409,0.5
276.0,414.0,2888.21,3.7845000000000004,410,411,0.0
277.0,415.5,2899.75,3.78375,411,412,0.5
278.0,417.0,2911.37,3.7829999999999995,413,414,0.0
279.0,418.5,2921.76,3.7829999999999995,414,415,0.5
280.0,420.0,2930.0,3.7829999999999995,416,417,0.0
281.0,421.5,2938.0950000000003,3.7829999999999995,417,418,0.5
282.0,423.0,2947.09,3.7829999999999995,419,420,0.0
283.0,424.5,2956.7349999999997,3.7845000000000004,420,421,0.5
284.0,426.0,2966.35,3.7845000000000004,422,423,0.0
285.0,427.5,2976.85,3.7829999999999995,423,424,0.5
286.0,429.0,2986.81,3.7829999999999995,425,426,0.0
287.0,430.5,2997.06,3.7829999999999995,426,427,0.5
288.0,432.0,3007.87,3.7829999999999995,428,429,0.0
289.0,433.5,3018.52,3.78375,429,430,0.5
290.0,435.0,3029.5,3.7845000000000004,431,432,0.0
291.0,436.5,3040.3900000000003,3.7852500000000004,432,433,0.5
292.0,438.0,3051.22,3.786,434,435,0.0
293.0,439.5,3062.505,3.7874999999999996,435,436,0.5
294.0,441.0,3073.8,3.7889999999999997,437,438,0.0
295.0,442.5,3085.135,3.7889999999999997,438,439,0.5
296.0,444.0,3096.65,3.7889999999999997,440,441,0.0
297.0,445.5,3107.6949999999997,3.7889999999999997,441,442,0.5
298.0,447.0,3119.19,3.7889999999999997,443,444,0.0
299.0,448.5,3131.05,3.7897499999999997,444,445,0.5
300.0,450.0,3143.02,3.7905,446,447,0.0
301.0,451.5,3154.49,3.7905,447,448,0.5
302.0,453.0,3166.2,3.792,449,450,0.0
303.0,454.5,3177.985,3.792,450,451,0.5
304.0,456.0,3189.51,3.792,452,453,0.0
305.0,457.5,3201.8,3.7935,453,454,0.5
306.0,459.0,3214.42,3.7935,455,456,0.0
307.0,460.5,3227.075,3.7935,456,457,0.5
308.0,462.0,3239.89,3.7935,458,459,0.0
309.0,463.5,3252.7349999999997,3.7927500000000003,459,460,0.5
310.0,465.0,3265.72,3.792,461,462,0.0
311.0,466.5,3278.6,3.7905,462,463,0.5
312.0,468.0,3291.76,3.7889999999999997,464,465,0.0
313.0,469.5,3305.3900000000003,3.78825,465,466,0.5
314.0,471.0,3318.9,3.7874999999999996,467,468,0.0
315.0,472.5,3332.33,3.786,468,469,0.5
316.0,474.0,3345.94,3.786,470,471,0.0
317.0,475.5,3359.245,3.7845000000000004,471,472,0.5
318.0,477.0,3372.69,3.7829999999999995,473,474,0.0
319.0,478.5,3386.295,3.7829999999999995,474,475,0.5
320.0,480.0,3400.4,3.7829999999999995,476,477,0.0
321.0,481.5,3414.66,3.7829999999999995,477,478,0.5
322.0,483.0,3428.81,3.7829999999999995,479,480,0.0
323.0,484.5,3443.1000000000004,3.7815,480,481,0.5
324.0,486.0,3457.15,3.7815,482,483,0.0
325.0,487.5,3471.09,3.7815,483,484,0.5
326.0,489.0,3485.43,3.7800000000000002,485,486,0.0
327.0,490.5,3498.8,3.7800000000000002,486,487,0.5
328.0,492.0,3512.94,3.7800000000000002,488,489,0.0
329.0,493.5,3526.935,3.7807500000000003,489,490,0.5
330.0,495.0,3540.3,3.7815,491,492,0.0
331.0,496.5,3554.825,3.7815,492,493,0.5
332.0,498.0,3569.15,3.7815,494,495,0.0
333.0,499.5,3583.66,3.7807500000000003,495,496,0.5
334.0,501.0,3597.73,3.7800000000000002,497,498,0.0
335.0,502.5,3611.7,3.7785,498,499,0.5
336.0,504.0,3626.05,3.7769999999999997,500,501,0.0
337.0,505.5,3640.42,3.7769999999999997,501,502,0.5
338.0,507.0,3654.97,3.7769999999999997,503,504,0.0
339.0,508.5,3668.935,3.7769999999999997,504,505,0.5
340.0,510.0,3683.16,3.7769999999999997,506,507,0.0
341.0,511.5,3697.165,3.77775,507,508,0.5
342.0,513.0,3711.18,3.7785,509,510,0.0
343.0,514.5,3724.74,3.7785,510,511,0.5
344.0,516.0,3738.32,3.7785,512,513,0.0
345.0,517.5,3751.99,3.7769999999999997,513,514,0.5
346.0,519.0,3766.16,3.7769999999999997,515,516,0.0
347.0,520.5,3779.39,3.77625,516,517,0.5
348.0,522.0,3793.26,3.7755,518,519,0.0
349.0,523.5,3806.9049999999997,3.7755,519,520,0.5
350.0,525.0,3820.66,3.7755,521,522,0.0
351.0,526.5,3834.335,3.7755,522,523,0.5
352.0,528.0,3848.17,3.7755,524,525,0.0
353.0,529.5,3861.8,3.7755,525,526,0.5
354.0,531.0,3875.82,3.7755,527,528,0.0
355.0,532.5,3889.75,3.7755,528,529,0.5
356.0,534.0,3903.66,3.7755,530,531,0.0
357.0,535.5,3917.38,3.774,531,532,0.5
358.0,537.0,3930.76,3.774,533,534,0.0
359.0,538.5,3943.955,3.774,534,535,0.5
360.0,540.0,3957.07,3.774,536,537,0.0
361.0,541.5,3970.8199999999997,3.7732500000000004,537,538,0.5
362.0,543.0,3984.11,3.7725,539,540,0.0
363.0,544.5,3997.41,3.7725,540,541,0.5
364.0,546.0,4011.05,3.7725,542,543,0.0
365.0,547.5,4023.885,3.7725,543,544,0.5
366.0,549.0,4036.87,3.7725,545,546,0.0
367.0,550.5,4049.705,3.7732500000000004,546,547,0.5
368.0,552.0,4062.86,3.774,548,549,0.0
369.0,553.5,4076.715,3.774,549,550,0.5
370.0,555.0,4089.6,3.774,551,552,0.0
371.0,556.5,4102.415,3.774,552,553,0.5
372.0,558.0,4114.73,3.774,554,555,0.0
373.0,559.5,4127.315,3.7732500000000004,555,556,0.5
374.0,561.0,4140.54,3.774,557,558,0.0
375.0,562.5,4153.219999999999,3.774,558,559,0.5
376.0,564.0,4165.93,3.7755,560,561,0.0
377.0,565.5,4178.43,3.7755,561,562,0.5
378.0,567.0,4190.76,3.7755,563,564,0.0
379.0,568.5,4203.3,3.77625,564,565,0.5
380.0,570.0,4215.98,3.7769999999999997,566,567,0.0
381.0,571.5,4228.825,3.7769999999999997,567,568,0.5
382.0,573.0,4241.56,3.7769999999999997,569,570,0.0
383.0,574.5,4254.639999999999,3.7755,570,571,0.5
384.0,576.0,4267.62,3.7755,572,573,0.0
385.0,577.5,4280.42,3.7769999999999997,573,574,0.5
386.0,579.0,4292.76,3.7769999999999997,575,576,0.0
387.0,580.5,4304.595,3.77775,576,577,0.5
388.0,582.0,4315.95,3.7769999999999997,578,579,0.0
389.0,583.5,4327.535,3.7785,579,580,0.5
390.0,585.0,4338.94,3.7785,581,582,0.0
391.0,586.5,4350.105,3.7785,582,583,0.5
392.0,588.0,4361.35,3.7785,584,585,0.0
393.0,589.5,4372.33,3.7769999999999997,585,586,0.5
394.0,591.0,4383.6,3.7769999999999997,587,588,0.0
395.0,592.5,4394.765,3.7769999999999997,588,589,0.5
396.0,594.0,4405.47,3.7769999999999997,590,591,0.0
397.0,595.5,4417.135,3.7769999999999997,591,592,0.5
398.0,597.0,4427.72,3.7769999999999997,593,594,0.0
399.0,598.5,4438.66,3.7785,594,595,0.5
400.0,600.0,4449.84,3.7800000000000002,596,597,0.0
401.0,601.5,4460.39,3.7807500000000003,597,598,0.5
402.0,603.0,4471.58,3.7815,599,600,0.0
403.0,604.5,4483.195,3.7815,600,601,0.5
404.0,606.0,4494.62,3.7829999999999995,602,603,0.0
405.0,607.5,4506.4349999999995,3.7829999999999995,603,604,0.5
406.0,609.0,4517.66,3.7829999999999995,605,606,0.0
407.0,610.5,4529.16,3.7829999999999995,606,607,0.5
408.0,612.0,4540.87,3.7815,608,609,0.0
409.0,613.5,4552.725,3.7815,609,610,0.5
410.0,615.0,4564.29,3.7815,611,612,0.0
411.0,616.5,4575.495,3.7815,612,613,0.5
412.0,618.0,4586.88,3.7815,614,615,0.0
413.0,619.5,4598.475,3.7815,615,616,0.5
414.0,621.0,4610.3,3.7815,617,618,0.0
415.0,622.5,4621.87,3.7815,618,619,0.5
416.0,624.0,4634.62,3.7815,620,621,0.0
417.0,625.5,4646.67,3.7800000000000002,621,622,0.5
418.0,627.0,4658.43,3.7800000000000002,623,624,0.0
419.0,628.5,4670.639999999999,3.7800000000000002,624,625,0.5
420.0,630.0,4682.41,3.7800000000000002,626,627,0.0
421.0,631.5,4694.715,3.7800000000000002,627,628,0.5
422.0,633.0,4706.66,3.7800000000000002,629,630,0.0
423.0,634.5,4718.29,3.7800000000000002,630,631,0.5
424.0,636.0,4730.45,3.7815,632,633,0.0
425.0,637.5,4742.34,3.7815,633,634,0.5
426.0,639.0,4755.39,3.7815,635,636,0.0
427.0,640.5,4768.049999999999,3.7829999999999995,636,637,0.5
428.0,642.0,4780.13,3.7829999999999995,638,639,0.0
429.0,643.5,4792.41,3.7829999999999995,639,640,0.5
430.0,645.0,4804.5,3.7829999999999995,641,642,0.0
431.0,646.5,4816.495,3.7829999999999995,642,643,0.5
432.0,648.0,4828.56,3.7829999999999995,644,645,0.0
433.0,649.5,4840.415,3.7829999999999995,645,646,0.5
434.0,651.0,4852.43,3.7829999999999995,647,648,0.0
435.0,652.5,4864.14,3.78375,648,649,0.5
436.0,654.0,4875.45,3.7845000000000004,650,651,0.0
437.0,655.5,4886.715,3.7845000000000004,651,652,0.5
438.0,657.0,4897.21,3.786,653,654,0.0
439.0,658.5,4907.705,3.786,654,655,0.5
440.0,660.0,4917.69,3.7845000000000004,656,657,0.0
441.0,661.5,4928.21,3.7845000000000004,657,658,0.5
442.0,663.0,4938.67,3.7845000000000004,659,660,0.0
443.0,664.5,4949.275,3.7845000000000004,660,661,0.5
444.0,666.0,4960.4,3.7845000000000004,662,663,0.0
445.0,667.5,4971.389999999999,3.7845000000000004,663,664,0.5
446.0,669.0,4982.76,3.7845000000000004,665,666,0.0
447.0,670.5,4993.6849999999995,3.786,666,667,0.5
448.0,672.0,5004.92,3.786,668,669,0.0
449.0,673.5,5015.95,3.786,669,670,0.5
450.0,675.0,5027.49,3.7845000000000004,671,672,0.0
451.0,676.5,5038.77,3.7845000000000004,672,673,0.5
452.0,678.0,5050.22,3.7845000000000004,674,675,0.0
453.0,679.5,5061.605,3.7845000000000004,675,676,0.5
454.0,681.0,5073.25,3.7845000000000004,677,678,0.0
455.0,682.5,5084.844999999999,3.7845000000000004,678,679,0.5
456.0,684.0,5096.08,3.7845000000000004,680,681,0.0
457.0,685.5,5107.565,3.7845000000000004,681,682,0.5
458.0,687.0,5118.78,3.7845000000000004,683,684,0.0
459.0,688.5,5129.905000000001,3.7845000000000004,684,685,0.5
460.0,690.0,5141.0,3.7845000000000004,686,687,0.0
461.0,691.5,5151.74,3.7845000000000004,687,688,0.5
462.0,693.0,5162.48,3.7845000000000004,689,690,0.0
463.0,694.5,5173.1849999999995,3.7845000000000004,690,691,0.5
464.0,696.0,5183.36,3.786,692,693,0.0
465.0,697.5,5193.395,3.7867499999999996,693,694,0.5
466.0,699.0,5202.93,3.7889999999999997,695,696,0.0
467.0,700.5,5212.375,3.7905,696,697,0.5
468.0,702.0,5221.33,3.792,698,699,0.0
469.0,703.5,5229.955,3.7942499999999995,699,700,0.5
470.0,705.0,5238.7,3.7965,701,702,0.0
471.0,706.5,5246.72,3.7972500000000005,702,703,0.5
472.0,708.0,5254.45,3.7995,704,705,0.0
473.0,709.5,5261.895,3.8025,705,706,0.5
474.0,711.0,5269.24,3.8040000000000003,707,708,0.0
475.0,712.5,5276.205,3.8062499999999995,708,709,0.5
476.0,714.0,5283.46,3.8085000000000004,710,711,0.0
477.0,715.5,5290.465,3.81,711,712,0.5
478.0,717.0,5297.67,3.8114999999999997,713,714,0.0
479.0,718.5,5304.594999999999,3.8114999999999997,714,715,0.5
480.0,720.0,5311.18,3.8129999999999997,716,717,0.0
481.0,721.5,5317.77,3.8137499999999998,717,718,0.5
482.0,723.0,5324.26,3.816,719,720,0.0
483.0,724.5,5330.955,3.8175,720,721,0.5
484.0,726.0,5337.02,3.819,722,723,0.0
485.0,727.5,5343.335,3.8205,723,724,0.5
486.0,729.0,5349.7,3.822,725,726,0.0
487.0,730.5,5355.83,3.8227499999999996,726,727,0.5
488.0,732.0,5361.98,3.8235,728,729,0.0
489.0,733.5,5368.695,3.8249999999999997,729,730,0.5
490.0,735.0,5375.22,3.8265000000000002,731,732,0.0
491.0,736.5,5381.9349999999995,3.82725,732,733,0.5
492.0,738.0,5388.55,3.8280000000000003,734,735,0.0
493.0,739.5,5395.365,3.8295,735,736,0.5
494.0,741.0,5402.26,3.8295,737,738,0.0
495.0,742.5,5409.45,3.8302499999999995,738,739,0.5
496.0,744.0,5416.76,3.8309999999999995,740,741,0.0
497.0,745.5,5424.3099999999995,3.8332500000000005,741,742,0.5
498.0,747.0,5432.05,3.834,743,744,0.0
499.0,748.5,5440.16,3.8347499999999997,744,745,0.5
500.0,750.0,5448.26,3.8354999999999997,746,747,0.0
501.0,751.5,5456.065,3.8354999999999997,747,748,0.5
502.0,753.0,5463.98,3.8354999999999997,749,750,0.0
503.0,754.5,5472.18,3.8369999999999997,750,751,0.5
504.0,756.0,5480.43,3.8385000000000002,752,753,0.0
505.0,757.5,5488.62,3.8385000000000002,753,754,0.5
506.0,759.0,5497.12,3.84,755,756,0.0
507.0,760.5,5505.79,3.8407500000000003,756,757,0.5
508.0,762.0,5514.63,3.8415,758,759,0.0
509.0,763.5,5523.855,3.8422499999999995,759,760,0.5
510.0,765.0,5533.18,3.843,761,762,0.0
511.0,766.5,5542.8150000000005,3.84375,762,763,0.5
512.0,768.0,5552.84,3.8445,764,765,0.0
513.0,769.5,5563.135,3.84375,765,766,0.5
514.0,771.0,5573.65,3.843,767,768,0.0
515.0,772.5,5584.485000000001,3.8422499999999995,768,769,0.5
516.0,774.0,5595.63,3.8415,770,771,0.0
517.0,775.5,5606.8150000000005,3.84,771,772,0.5
518.0,777.0,5618.54,3.84,773,774,0.0
519.0,778.5,5630.4,3.8385000000000002,774,775,0.5
520.0,780.0,5642.4,3.8369999999999997,776,777,0.0
521.0,781.5,5654.59,3.8347499999999997,777,778,0.5
522.0,783.0,5666.87,3.834,779,780,0.0
523.0,784.5,5679.15,3.8302499999999995,780,781,0.5
524.0,786.0,5691.59,3.8280000000000003,782,783,0.0
525.0,787.5,5703.905000000001,3.82575,783,784,0.5
526.0,789.0,5716.62,3.8235,785,786,0.0
527.0,790.5,5729.5650000000005,3.8212500000000005,786,787,0.5
528.0,792.0,5742.65,3.819,788,789,0.0
529.0,793.5,5756.254999999999,3.81525,789,790,0.5
530.0,795.0,5769.56,3.8129999999999997,791,792,0.0
531.0,796.5,5783.1849999999995,3.8107499999999996,792,793,0.5
532.0,798.0,5797.0,3.8085000000000004,794,795,0.0
533.0,799.5,5810.96,3.8062499999999995,795,796,0.5
534.0,801.0,5825.11,3.8025,797,798,0.0
535.0,802.5,5839.445,3.80025,798,799,0.5
536.0,804.0,5853.7,3.7965,800,801,0.0
537.0,805.5,5867.96,3.795,801,802,0.5
538.0,807.0,5882.05,3.7935,803,804,0.0
539.0,808.5,5894.6900000000005,3.792,804,805,0.5
540.0,810.0,5903.72,3.7905,806,807,0.0
541.0,811.5,5907.860000000001,3.7905,807,808,0.5
542.0,813.0,5910.26,3.7905,809,810,0.0
543.0,814.5,5912.785,3.79125,810,811,0.5
544.0,816.0,5915.31,3.7905,812,813,0.0
545.0,817.5,5917.795,3.792,813,814,0.5
546.0,819.0,5920.18,3.7905,815,816,0.0
547.0,820.5,5921.37,3.7897499999999997,816,817,0.5
548.0,822.0,5921.39,3.7905,818,819,0.0
549.0,823.5,5921.39,3.79005,818,819,0.3
550.0,825.0,5921.39,3.7895999999999996,818,819,0.6
551.0,826.5,5921.39,3.7891500000000002,818,819,0.9
552.0,828.0,5923.24,3.7889999999999997,820,821,0.0
553.0,829.5,5927.2,3.7874999999999996,821,822,0.5
554.0,831.0,5931.65,3.786,823,824,0.0
555.0,832.5,5936.415,3.786,824,825,0.5
556.0,834.0,5940.91,3.786,826,827,0.0
557.0,835.5,5945.525,3.786,827,828,0.5
558.0,837.0,5949.31,3.786,829,830,0.0
559.0,838.5,5952.12,3.7867499999999996,830,831,0.5
560.0,840.0,5953.95,3.7874999999999996,832,833,0.0
561.0,841.5,5956.110000000001,3.7889999999999997,833,834,0.5
562.0,843.0,5958.53,3.7889999999999997,835,836,0.0
563.0,844.5,5960.21,3.7874999999999996,836,837,0.5
564.0,846.0,5961.36,3.7874999999999996,838,839,0.0
565.0,847.5,5962.28,3.786,839,840,0.5
566.0,849.0,5962.28,3.7857000000000003,840,841,0.2
567.0,850.5,5962.28,3.7852500000000004,840,841,0.5
568.0,852.0,5962.28,3.7848,840,841,0.8
569.0,853.5,5962.965,3.78375,841,842,0.5
570.0,855.0,5966.09,3.7829999999999995,843,844,0.0
571.0,856.5,5970.395,3.7822499999999994,844,845,0.5
572.0,858.0,5976.66,3.7815,846,847,0.0
573.0,859.5,5984.395,3.7815,847,848,0.5
574.0,861.0,5992.17,3.7829999999999995,849,850,0.0
575.0,862.5,6001.695,3.7829999999999995,850,851,0.5
576.0,864.0,6011.44,3.7829999999999995,852,853,0.0
577.0,865.5,6021.4349999999995,3.7829999999999995,853,854,0.5
578.0,867.0,6031.44,3.7829999999999995,855,856,0.0
579.0,868.5,6042.27,3.7845000000000004,856,857,0.5
580.0,870.0,6053.15,3.7845000000000004,858,859,0.0
581.0,871.5,6064.79,3.7852500000000004,859,860,0.5
582.0,873.0,6076.27,3.786,861,862,0.0
583.0,874.5,6088.085,3.7867499999999996,862,863,0.5
584.0,876.0,6099.51,3.7889999999999997,864,865,0.0
585.0,877.5,6111.73,3.78825,865,866,0.5
586.0,879.0,6124.47,3.7874999999999996,867,868,0.0
587.0,880.5,6137.25,3.786,868,869,0.5
588.0,882.0,6149.11,3.786,870,871,0.0
589.0,883.5,6160.675,3.7867499999999996,871,872,0.5
590.0,885.0,6172.01,3.7874999999999996,873,874,0.0
591.0,886.5,6184.18,3.78825,874,875,0.5
592.0,888.0,6195.47,3.7889999999999997,876,877,0.0
593.0,889.5,6205.92,3.7897499999999997,877,878,0.5
594.0,891.0,6214.88,3.7905,879,880,0.0
595.0,892.5,6222.735,3.79125,880,881,0.5
596.0,894.0,6230.59,3.7935,882,883,0.0
597.0,895.5,6237.485,3.7935,883,884,0.5
598.0,897.0,6245.07,3.795,885,886,0.0
599.0,898.5,6254.0,3.7942499999999995,886,887,0.5
600.0,900.0,6262.86,3.7935,888,889,0.0
601.0,901.5,6271.9400000000005,3.7927500000000003,889,890,0.5
602.0,903.0,6280.9,3.792,891,892,0.0
603.0,904.5,6289.96,3.7905,892,893,0.5
604.0,906.0,6298.2,3.7905,894,895,0.0
605.0,907.5,6305.37,3.7889999999999997,895,896,0.5
606.0,909.0,6311.19,3.7889999999999997,897,898,0.0
607.0,910.5,6316.365,3.7905,898,899,0.5
608.0,912.0,6322.61,3.7905,900,901,0.0
609.0,913.5,6330.6,3.7897499999999997,901,902,0.5
610.0,915.0,6339.15,3.7889999999999997,903,904,0.0
611.0,916.5,6347.85,3.78825,904,905,0.5
612.0,918.0,6356.29,3.7874999999999996,906,907,0.0
613.0,919.5,6363.355,3.7874999999999996,907,908,0.5
614.0,921.0,6369.11,3.7874999999999996,909,910,0.0
615.0,922.5,6373.845,3.7889999999999997,910,911,0.5
616.0,924.0,6379.19,3.7889999999999997,912,913,0.0
617.0,925.5,6384.68,3.7889999999999997,913,914,0.5
618.0,927.0,6391.46,3.7889999999999997,915,916,0.0
619.0,928.5,6396.17,3.7874999999999996,916,917,0.5
620.0,930.0,6398.68,3.7874999999999996,918,919,0.0
621.0,931.5,6399.91,3.7874999999999996,919,920,0.5
622.0,933.0,6401.52,3.7874999999999996,921,922,0.0
623.0,934.5,6403.0,3.7874999999999996,922,923,0.5
624.0,936.0,6404.45,3.7874999999999996,924,925,0.0
625.0,937.5,6406.395,3.786,925,926,0.5
626.0,939.0,6409.08,3.786,927,928,0.0
627.0,940.5,6413.139999999999,3.786,928,929,0.5
628.0,942.0,6417.62,3.786,930,931,0.0
629.0,943.5,6422.34,3.786,931,932,0.5
630.0,945.0,6426.89,3.786,933,934,0.0
631.0,946.5,6431.780000000001,3.786,934,935,0.5
632.0,948.0,6436.63,3.786,936,937,0.0
633.0,949.5,6442.175,3.786,937,938,0.5
634.0,951.0,6447.48,3.786,939,940,0.0
635.0,952.5,6452.82,3.786,940,941,0.5
636.0,954.0,6458.55,3.786,942,943,0.0
637.0,955.5,6464.76,3.7852500000000004,943,944,0.5
638.0,957.0,6471.83,3.7845000000000004,945,946,0.0
639.0,958.5,6479.1900000000005,3.7845000000000004,946,947,0.5
640.0,960.0,6486.81,3.786,948,949,0.0
641.0,961.5,6495.215,3.786,949,950,0.5
642.0,963.0,6503.4,3.786,951,952,0.0
643.0,964.5,6512.844999999999,3.7845000000000004,952,953,0.5
644.0,966.0,6521.85,3.7845000000000004,954,955,0.0
645.0,967.5,6531.07,3.7845000000000004,955,956,0.5
646.0,969.0,6540.13,3.786,957,958,0.0
647.0,970.5,6549.3099999999995,3.786,958,959,0.5
648.0,972.0,6558.18,3.786,960,961,0.0
649.0,973.5,6567.17,3.786,961,962,0.5
650.0,975.0,6575.73,3.786,963,964,0.0
651.0,976.5,6583.764999999999,3.7874999999999996,964,965,0.5
652.0,978.0,6591.91,3.7874999999999996,966,967,0.0
653.0,979.5,6600.24,3.7874999999999996,967,968,0.5
654.0,981.0,6608.49,3.7874999999999996,969,970,0.0
655.0,982.5,6614.845,3.7889999999999997,970,971,0.5
656.0,984.0,6621.13,3.7889999999999997,972,973,0.0
657.0,985.5,6627.555,3.7889999999999997,973,974,0.5
658.0,987.0,6634.19,3.7889999999999997,975,976,0.0
659.0,988.5,6642.265,3.7889999999999997,976,977,0.5
660.0,990.0,6650.32,3.7889999999999997,978,979,0.0
661.0,991.5,6658.620000000001,3.7889999999999997,979,980,0.5
662.0,993.0,6666.96,3.7889999999999997,981,982,0.0
663.0,994.5,6675.605,3.7889999999999997,982,983,0.5
664.0,996.0,6684.77,3.7889999999999997,984,985,0.0
665.0,997.5,6694.174999999999,3.7889999999999997,985,986,0.5
666.0,999.0,6703.64,3.7889999999999997,987,988,0.0
667.0,1000.5,6712.645,3.7874999999999996,988,989,0.5
668.0,1002.0,6721.77,3.786,990,991,0.0
669.0,1003.5,6730.875,3.7874999999999996,991,992,0.5
670.0,1005.0,6739.28,3.7874999999999996,993,994,0.0
671.0,1006.5,6746.875,3.7874999999999996,994,995,0.5
672.0,1008.0,6754.57,3.7874999999999996,996,997,0.0
673.0,1009.5,6765.375,3.7867499999999996,997,998,0.5
674.0,1011.0,6777.54,3.786,999,1000,0.0
675.0,1012.5,6787.835,3.786,1000,1001,0.5
676.0,1014.0,6796.96,3.786,1002,1003,0.0
677.0,1015.5,6805.8099999999995,3.7874999999999996,1003,1004,0.5
678.0,1017.0,6815.05,3.7889999999999997,1005,1006,0.0
679.0,1018.5,6823.96,3.7889999999999997,1006,1007,0.5
680.0,1020.0,6833.67,3.7889999999999997,1008,1009,0.0
681.0,1021.5,6843.29,3.7905,1009,1010,0.5
682.0,1023.0,6852.86,3.7905,1011,1012,0.0
683.0,1024.5,6861.54,3.792,1012,1013,0.5
684.0,1026.0,6870.09,3.792,1014,1015,0.0
685.0,1027.5,6878.57,3.7927500000000003,1015,1016,0.5
686.0,1029.0,6887.17,3.792,1017,1018,0.0
687.0,1030.5,6896.42,3.79125,1018,1019,0.5
688.0,1032.0,6906.26,3.7905,1020,1021,0.0
689.0,1033.5,6915.58,3.78825,1021,1022,0.5
690.0,1035.0,6924.84,3.7874999999999996,1023,1024,0.0
691.0,1036.5,6933.27,3.786,1024,1025,0.5
692.0,1038.0,6941.78,3.786,1026,1027,0.0
693.0,1039.5,6949.995,3.786,1027,1028,0.5
694.0,1041.0,6957.91,3.786,1029,1030,0.0
695.0,1042.5,6965.9349999999995,3.786,1030,1031,0.5
696.0,1044.0,6973.93,3.786,1032,1033,0.0
697.0,1045.5,6982.030000000001,3.7852500000000004,1033,1034,0.5
698.0,1047.0,6990.34,3.7845000000000004,1035,1036,0.0
699.0,1048.5,6998.625,3.7845000000000004,1036,1037,0.5
700.0,1050.0,7005.99,3.7845000000000004,1038,1039,0.0
701.0,1051.5,7013.055,3.78375,1039,1040,0.5
702.0,1053.0,7019.01,3.7829999999999995,1041,1042,0.0
703.0,1054.5,7024.325,3.78375,1042,1043,0.5
704.0,1056.0,7030.06,3.7845000000000004,1044,1045,0.0
705.0,1057.5,7036.1900000000005,3.7845000000000004,1045,1046,0.5
706.0,1059.0,7042.71,3.7845000000000004,1047,1048,0.0
707.0,1060.5,7050.285,3.7845000000000004,1048,1049,0.5
708.0,1062.0,7058.1,3.7845000000000004,1050,1051,0.0
709.0,1063.5,7066.665,3.7845000000000004,1051,1052,0.5
710.0,1065.0,7075.79,3.7845000000000004,1053,1054,0.0
711.0,1066.5,7084.915,3.7829999999999995,1054,1055,0.5
712.0,1068.0,7094.41,3.7829999999999995,1056,1057,0.0
713.0,1069.5,7103.67,3.7815,1057,1058,0.5
714.0,1071.0,7112.37,3.7815,1059,1060,0.0
715.0,1072.5,7120.95,3.7815,1060,1061,0.5
716.0,1074.0,7129.28,3.7829999999999995,1062,1063,0.0
717.0,1075.5,7137.56,3.7829999999999995,1063,1064,0.5
718.0,1077.0,7145.58,3.7845000000000004,1065,1066,0.0
719.0,1078.5,7152.995000000001,3.7845000000000004,1066,1067,0.5
720.0,1080.0,7160.59,3.7845000000000004,1068,1069,0.0
721.0,1081.5,7167.015,3.7845000000000004,1069,1070,0.5
722.0,1083.0,7173.41,3.786,1071,1072,0.0
723.0,1084.5,7179.639999999999,3.7852500000000004,1072,1073,0.5
724.0,1086.0,7186.03,3.786,1074,1075,0.0
725.0,1087.5,7192.005,3.786,1075,1076,0.5
726.0,1089.0,7197.45,3.786,1077,1078,0.0
727.0,1090.5,7202.99,3.786,1078,1079,0.5
728.0,1092.0,7208.86,3.786,1080,1081,0.0
729.0,1093.5,7214.195,3.7874999999999996,1081,1082,0.5
730.0,1095.0,7220.02,3.7874999999999996,1083,1084,0.0
731.0,1096.5,7226.295,3.7874999999999996,1084,1085,0.5
732.0,1098.0,7232.23,3.7889999999999997,1086,1087,0.0
733.0,1099.5,7238.825,3.7889999999999997,1087,1088,0.5
734.0,1101.0,7245.63,3.7889999999999997,1089,1090,0.0
735.0,1102.5,7252.53,3.7897499999999997,1090,1091,0.5
736.0,1104.0,7259.5,3.7905,1092,1093,0.0
737.0,1105.5,7267.264999999999,3.7905,1093,1094,0.5
738.0,1107.0,7275.17,3.7905,1095,1096,0.0
739.0,1108.5,7282.675,3.79125,1096,1097,0.5
740.0,1110.0,7290.4,3.792,1098,1099,0.0
741.0,1111.5,7297.66,3.792,1099,1100,0.5
742.0,1113.0,7305.22,3.792,1101,1102,0.0
743.0,1114.5,7312.4,3.79125,1102,1103,0.5
744.0,1116.0,7320.33,3.7905,1104,1105,0.0
745.0,1117.5,7327.51,3.7897499999999997,1105,1106,0.5
746.0,1119.0,7335.51,3.7889999999999997,1107,1108,0.0
747.0,1120.5,7343.639999999999,3.7889999999999997,1108,1109,0.5
748.0,1122.0,7351.62,3.7874999999999996,1110,1111,0.0
749.0,1123.5,7360.17,3.7867499999999996,1111,1112,0.5
750.0,1125.0,7368.66,3.786,1113,1114,0.0
751.0,1126.5,7376.525,3.786,1114,1115,0.5
752.0,1128.0,7385.28,3.7845000000000004,1116,1117,0.0
753.0,1129.5,7393.525,3.7845000000000004,1117,1118,0.5
754.0,1131.0,7402.54,3.7845000000000004,1119,1120,0.0
755.0,1132.5,7411.68,3.7845000000000004,1120,1121,0.5
756.0,1134.0,7420.5,3.7845000000000004,1122,1123,0.0
757.0,1135.5,7429.51,3.7829999999999995,1123,1124,0.5
758.0,1137.0,7438.14,3.7829999999999995,1125,1126,0.0
759.0,1138.5,7446.405000000001,3.7829999999999995,1126,1127,0.5
760.0,1140.0,7454.32,3.7829999999999995,1128,1129,0.0
761.0,1141.5,7461.965,3.7829999999999995,1129,1130,0.5
762.0,1143.0,7469.43,3.7829999999999995,1131,1132,0.0
763.0,1144.5,7476.07,3.78375,1132,1133,0.5
764.0,1146.0,7481.49,3.7845000000000004,1134,1135,0.0
765.0,1147.5,7485.66,3.7845000000000004,1135,1136,0.5
766.0,1149.0,7489.55,3.7845000000000004,1137,1138,0.0
767.0,1150.5,7492.67,3.7829999999999995,1138,1139,0.5
768.0,1152.0,7495.07,3.7829999999999995,1140,1141,0.0
769.0,1153.5,7496.94,3.7822499999999994,1141,1142,0.5
770.0,1155.0,7498.13,3.7815,1143,1144,0.0
771.0,1156.5,7498.46,3.78435,1144,1145,0.1
772.0,1158.0,7498.46,3.7839,1144,1145,0.4
773.0,1159.5,7498.46,3.78345,1144,1145,0.7
774.0,1161.0,7498.46,3.7829999999999995,1145,1146,0.0
775.0,1162.5,7501.0599999999995,3.7829999999999995,1146,1147,0.5
776.0,1164.0,7505.04,3.7829999999999995,1148,1149,0.0
777.0,1165.5,7510.0650000000005,3.7845000000000004,1149,1150,0.5
778.0,1167.0,7515.21,3.7845000000000004,1151,1152,0.0
779.0,1168.5,7520.93,3.7845000000000004,1152,1153,0.5
780.0,1170.0,7527.17,3.7845000000000004,1154,1155,0.0
781.0,1171.5,7534.17,3.7845000000000004,1155,1156,0.5
782.0,1173.0,7539.34,3.786,1157,1158,0.0
783.0,1174.5,7542.68,3.7867499999999996,1158,1159,0.5
784.0,1176.0,7545.9,3.7889999999999997,1160,1161,0.0
785.0,1177.5,7550.5,3.7889999999999997,1161,1162,0.5
786.0,1179.0,7556.48,3.7889999999999997,1163,1164,0.0
787.0,1180.5,7561.635,3.7889999999999997,1164,1165,0.5
788.0,1182.0,7570.957714285714,3.7889999999999997,1165,1166,0.02857142857142857
789.0,1183.5,7582.249285714286,3.7889999999999997,1165,1166,0.07142857142857142
790.0,1185.0,7593.540857142857,3.7889999999999997,1165,1166,0.11428571428571428
791.0,1186.5,7604.832428571429,3.7889999999999997,1165,1166,0.15714285714285714
792.0,1188.0,7616.124,3.7889999999999997,1165,1166,0.2
793.0,1189.5,7627.415571428572,3.7889999999999997,1165,1166,0.24285714285714285
794.0,1191.0,7638.707142857143,3.7889999999999997,1165,1166,0.2857142857142857
795.0,1192.5,7649.998714285714,3.7889999999999997,1165,1166,0.32857142857142857
796.0,1194.0,7661.290285714285,3.7889999999999997,1165,1166,0.37142857142857144
797.0,1195.5,7672.581857142857,3.7889999999999997,1165,1166,0.4142857142857143
798.0,1197.0,7683.873428571428,3.7889999999999997,1165,1166,0.45714285714285713
799.0,1198.5,7695.165,3.7889999999999997,1165,1166,0.5
800.0,1200.0,7706.456571428571,3.7889999999999997,1165,1166,0.5428571428571428
801.0,1201.5,7717.748142857143,3.7889999999999997,1165,1166,0.5857142857142857
802.0,1203.0,7729.039714285715,3.7889999999999997,1165,1166,0.6285714285714286
803.0,1204.5,7740.3312857142855,3.7889999999999997,1165,1166,0.6714285714285714
804.0,1206.0,7751.622857142857,3.7889999999999997,1165,1166,0.7142857142857143
805.0,1207.5,7762.914428571428,3.7889999999999997,1165,1166,0.7571428571428571
806.0,1209.0,7774.206,3.7889999999999997,1165,1166,0.8
807.0,1210.5,7785.497571428571,3.7889999999999997,1165,1166,0.8428571428571429
808.0,1212.0,7796.789142857143,3.7889999999999997,1165,1166,0.8857142857142857
809.0,1213.5,7808.080714285714,3.7889999999999997,1165,1166,0.9285714285714286
810.0,1215.0,7819.372285714286,3.7889999999999997,1165,1166,0.9714285714285714
811.0,1216.5,7827.96,3.78825,1166,1167,0.5
812.0,1218.0,7838.31,3.7874999999999996,1168,1169,0.0
813.0,1219.5,7850.59,3.7852500000000004,1169,1170,0.5
814.0,1221.0,7861.38,3.7845000000000004,1171,1172,0.0
815.0,1222.5,7871.15,3.7867499999999996,1172,1173,0.5
816.0,1224.0,7880.64,3.7889999999999997,1174,1175,0.0
817.0,1225.5,7890.58,3.79125,1175,1176,0.5
818.0,1227.0,7899.92,3.7935,1177,1178,0.0
819.0,1228.5,7909.6,3.79575,1178,1179,0.5
820.0,1230.0,7919.38,3.798,1180,1181,0.0
821.0,1231.5,7928.075000000001,3.8009999999999997,1181,1182,0.5
822.0,1233.0,7936.95,3.8040000000000003,1183,1184,0.0
823.0,1234.5,7946.13,3.8055,1184,1185,0.5
824.0,1236.0,7955.07,3.8069999999999995,1186,1187,0.0
825.0,1237.5,7963.67,3.8092500000000005,1187,1188,0.5
826.0,1239.0,7972.24,3.8114999999999997,1189,1190,0.0
827.0,1240.5,7980.425,3.8137499999999998,1190,1191,0.5
828.0,1242.0,7988.18,3.816,1192,1193,0.0
829.0,1243.5,7996.1900000000005,3.8167500000000003,1193,1194,0.5
830.0,1245.0,8004.08,3.819,1195,1196,0.0
831.0,1246.5,8011.09,3.81975,1196,1197,0.5
832.0,1248.0,8018.61,3.8205,1198,1199,0.0
833.0,1249.5,8026.21,3.822,1199,1200,0.5
834.0,1251.0,8034.05,3.822,1201,1202,0.0
835.0,1252.5,8042.305,3.8205,1202,1203,0.5
836.0,1254.0,8051.14,3.8205,1204,1205,0.0
837.0,1255.5,8060.085,3.81975,1205,1206,0.5
838.0,1257.0,8068.96,3.819,1207,1208,0.0
839.0,1258.5,8077.83,3.8182499999999995,1208,1209,0.5
840.0,1260.0,8086.9,3.8175,1210,1211,0.0
841.0,1261.5,8096.045,3.816,1211,1212,0.5
842.0,1263.0,8105.17,3.8145000000000002,1213,1214,0.0
843.0,1264.5,8114.530000000001,3.8137499999999998,1214,1215,0.5
844.0,1266.0,8124.03,3.8114999999999997,1216,1217,0.0
845.0,1267.5,8133.99,3.8107499999999996,1217,1218,0.5
846.0,1269.0,8144.4,3.8085000000000004,1219,1220,0.0
847.0,1270.5,8155.17,3.80775,1220,1221,0.5
848.0,1272.0,8166.3,3.8069999999999995,1222,1223,0.0
849.0,1273.5,8177.200000000001,3.8047500000000003,1223,1224,0.5
850.0,1275.0,8188.13,3.8025,1225,1226,0.0
851.0,1276.5,8198.39,3.80175,1226,1227,0.5
852.0,1278.0,8208.39,3.8025,1228,1229,0.0
853.0,1279.5,8217.855,3.80325,1229,1230,0.5
854.0,1281.0,8226.98,3.8040000000000003,1231,1232,0.0
855.0,1282.5,8235.955,3.8047500000000003,1232,1233,0.5
856.0,1284.0,8244.86,3.8055,1234,1235,0.0
857.0,1285.5,8254.154999999999,3.8055,1235,1236,0.5
858.0,1287.0,8263.16,3.8040000000000003,1237,1238,0.0
859.0,1288.5,8272.630000000001,3.80325,1238,1239,0.5
860.0,1290.0,8282.43,3.8009999999999997,1240,1241,0.0
861.0,1291.5,8292.585,3.7987499999999996,1241,1242,0.5
862.0,1293.0,8302.92,3.7965,1243,1244,0.0
863.0,1294.5,8313.689999999999,3.7942499999999995,1244,1245,0.5
864.0,1296.0,8324.22,3.792,1246,1247,0.0
865.0,1297.5,8334.45,3.79125,1247,1248,0.5
866.0,1299.0,8344.62,3.7905,1249,1250,0.0
867.0,1300.5,8354.52,3.79125,1250,1251,0.5
868.0,1302.0,8364.11,3.792,1252,1253,0.0
869.0,1303.5,8372.84,3.7942499999999995,1253,1254,0.5
870.0,1305.0,8381.68,3.7965,1255,1256,0.0
871.0,1306.5,8389.99,3.798,1256,1257,0.5
872.0,1308.0,8397.95,3.7995,1258,1259,0.0
873.0,1309.5,8405.47,3.80175,1259,1260,0.5
874.0,1311.0,8412.66,3.8040000000000003,1261,1262,0.0
875.0,1312.5,8419.52,3.8062499999999995,1262,1263,0.5
876.0,1314.0,8426.42,3.8085000000000004,1264,1265,0.0
877.0,1315.5,8433.655,3.8107499999999996,1265,1266,0.5
878.0,1317.0,8440.57,3.8129999999999997,1267,1268,0.0
879.0,1318.5,8447.555,3.8137499999999998,1268,1269,0.5
880.0,1320.0,8454.85,3.8145000000000002,1270,1271,0.0
881.0,1321.5,8462.224999999999,3.8145000000000002,1271,1272,0.5
882.0,1323.0,8469.78,3.8129999999999997,1273,1274,0.0
883.0,1324.5,8478.52,3.81225,1274,1275,0.5
884.0,1326.0,8487.86,3.81,1276,1277,0.0
885.0,1327.5,8498.145,3.80775,1277,1278,0.5
886.0,1329.0,8509.24,3.8069999999999995,1279,1280,0.0
887.0,1330.5,8518.724999999999,3.8047500000000003,1280,1281,0.5
888.0,1332.0,8526.62,3.8025,1282,1283,0.0
889.0,1333.5,8535.314999999999,3.80025,1283,1284,0.5
890.0,1335.0,8544.55,3.798,1285,1286,0.0
891.0,1336.5,8554.73,3.79575,1286,1287,0.5
892.0,1338.0,8565.1,3.7935,1288,1289,0.0
893.0,1339.5,8574.994999999999,3.7927500000000003,1289,1290,0.5
894.0,1341.0,8584.7,3.7935,1291,1292,0.0
895.0,1342.5,8594.265,3.7942499999999995,1292,1293,0.5
896.0,1344.0,8603.99,3.7965,1294,1295,0.0
897.0,1345.5,8612.03,3.7965,1295,1296,0.5
898.0,1347.0,8620.33,3.798,1297,1298,0.0
899.0,1348.5,8627.875,3.7987499999999996,1298,1299,0.5
900.0,1350.0,8635.27,3.7995,1300,1301,0.0
901.0,1351.5,8642.44,3.8009999999999997,1301,1302,0.5
902.0,1353.0,8649.29,3.8009999999999997,1303,1304,0.0
903.0,1354.5,8656.385,3.8009999999999997,1304,1305,0.5
904.0,1356.0,8664.0,3.8009999999999997,1306,1307,0.0
905.0,1357.5,8671.175,3.80025,1307,1308,0.5
906.0,1359.0,8678.88,3.7995,1309,1310,0.0
907.0,1360.5,8687.165,3.7987499999999996,1310,1311,0.5
908.0,1362.0,8695.88,3.798,1312,1313,0.0
909.0,1363.5,8704.779999999999,3.798,1313,1314,0.5
910.0,1365.0,8714.08,3.7965,1315,1316,0.0
911.0,1366.5,8723.995,3.798,1316,1317,0.5
912.0,1368.0,8733.84,3.798,1318,1319,0.0
913.0,1369.5,8744.235,3.798,1319,1320,0.5
914.0,1371.0,8754.45,3.798,1321,1322,0.0
915.0,1372.5,8764.805,3.798,1322,1323,0.5
916.0,1374.0,8775.6,3.798,1324,1325,0.0
917.0,1375.5,8786.085,3.798,1325,1326,0.5
918.0,1377.0,8796.47,3.798,1327,1328,0.0
919.0,1378.5,8806.85,3.7995,1328,1329,0.5
920.0,1380.0,8816.96,3.7995,1330,1331,0.0
921.0,1381.5,8827.970000000001,3.80025,1331,1332,0.5
922.0,1383.0,8838.66,3.8009999999999997,1333,1334,0.0
923.0,1384.5,8848.744999999999,3.80175,1334,1335,0.5
924.0,1386.0,8858.59,3.8025,1336,1337,0.0
925.0,1387.5,8868.01,3.8040000000000003,1337,1338,0.5
926.0,1389.0,8876.85,3.8055,1339,1340,0.0
927.0,1390.5,8884.349999999999,3.8069999999999995,1340,1341,0.5
928.0,1392.0,8891.41,3.8085000000000004,1342,1343,0.0
929.0,1393.5,8898.11,3.8085000000000004,1343,1344,0.5
930.0,1395.0,8904.53,3.81,1345,1346,0.0
931.0,1396.5,8910.810000000001,3.8107499999999996,1346,1347,0.5
932.0,1398.0,8917.24,3.8114999999999997,1348,1349,0.0
933.0,1399.5,8923.965,3.8129999999999997,1349,1350,0.5
934.0,1401.0,8930.62,3.8129999999999997,1351,1352,0.0
935.0,1402.5,8937.404999999999,3.8129999999999997,1352,1353,0.5
936.0,1404.0,8944.94,3.8129999999999997,1354,1355,0.0
937.0,1405.5,8952.71,3.8114999999999997,1355,1356,0.5
938.0,1407.0,8960.63,3.81,1357,1358,0.0
939.0,1408.5,8969.33,3.8092500000000005,1358,1359,0.5
940.0,1410.0,8977.89,3.8069999999999995,1360,1361,0.0
941.0,1411.5,8987.575,3.8062499999999995,1361,1362,0.5
942.0,1413.0,8998.01,3.8055,1363,1364,0.0
943.0,1414.5,9007.33,3.8040000000000003,1364,1365,0.5
944.0,1416.0,9016.74,3.8025,1366,1367,0.0
945.0,1417.5,9027.11,3.8009999999999997,1367,1368,0.5
946.0,1419.0,9037.12,3.7995,1369,1370,0.0
947.0,1420.5,9046.95,3.7972500000000005,1370,1371,0.5
948.0,1422.0,9055.98,3.7965,1372,1373,0.0
949.0,1423.5,9064.83,3.7965,1373,1374,0.5
950.0,1425.0,9072.94,3.7965,1375,1376,0.0
951.0,1426.5,9080.74,3.7972500000000005,1376,1377,0.5
952.0,1428.0,9088.16,3.798,1378,1379,0.0
952.666667,1429.0,9093.1,3.798,1379,1379,0.0
